Train number,124_Arrival,124_Departure,123_Arrival,123_Departure,122_Arrival,122_Departure,121_Arrival,121_Departure,120_Arrival,120_Departure,119_Arrival,119_Departure,118_Arrival,118_Departure,117_Arrival,117_Departure,116_Arrival,116_Departure,115_Arrival,115_Departure,114_Arrival,114_Departure,113_Arrival,113_Departure,112_Arrival,112_Departure,111_Arrival,111_Departure,110_Arrival,110_Departure,109_Arrival,109_Departure,108_Arrival,108_Departure,107_Arrival,107_Departure,106_Arrival,106_Departure,318_Arrival,318_Departure,104_Arrival,104_Departure,103_Arrival,103_Departure,102_Arrival,102_Departure,,,,,,,,,,,,,,,
002,,,,,,,,,,,,,,,,,,,,,,,,,,,,,,,,,,,,,,,,,,,6:31:05,6:31:45,6:33:30,6:34:05,,,,,,,,,,,,,,,
004,,,,,,,,,,,,,,,,,,,,,,,,,,,,,,,,,,,,,,,6:31:30,6:31:30,6:33:10,6:33:50,6:35:05,6:35:45,6:37:30,6:38:05,,,,,,,,,,,,,,,
006,,,,,,,,,,,,,,,,,,,,,,,,,,,,,,,,,,,6:25:30,6:30:20,6:32:20,6:32:55,6:34:40,6:35:35,6:37:15,6:37:55,6:39:10,6:39:50,6:41:35,6:42:10,,,,,,,,,,,,,,,
008,,,,,,,,,,,,,,,,,,,,,,,,,,,,,,,6:31:10,6:31:50,6:33:15,6:33:50,6:35:25,6:36:20,6:38:20,6:38:55,6:40:40,6:41:35,6:43:15,6:43:55,6:45:10,6:45:50,6:47:35,6:48:10,,,,,,,,,,,,,,,
010,,,,,,,,,,,,,,,,,,,,,,,,,,,6:30:35,6:31:10,6:32:55,6:33:40,6:35:15,6:35:50,6:37:20,6:37:55,6:39:30,6:40:20,6:42:20,6:42:55,6:44:40,6:45:35,6:47:15,6:47:55,6:49:10,6:49:50,6:51:35,6:52:10,,,,,,,,,,,,,,,
012,,,,,,,,,,,,,,,,,,,,,,,,,,,6:36:10,6:36:10,6:37:55,6:38:45,6:40:15,6:40:50,6:42:20,6:42:50,6:44:25,6:45:20,6:47:20,6:47:55,6:49:40,6:50:35,6:52:15,6:52:55,6:54:10,6:54:50,6:56:35,6:57:10,,,,,,,,,,,,,,,
014,,,,,,,,,,,,,,,,,6:30:40,6:31:15,6:32:30,6:33:05,6:34:35,6:35:25,6:36:50,6:37:20,6:38:40,6:39:10,6:40:40,6:41:10,6:42:55,6:43:40,6:45:10,6:45:45,6:47:20,6:47:50,6:49:25,6:50:15,6:52:15,6:52:50,6:54:35,6:55:30,6:57:10,6:57:50,6:59:05,6:59:45,7:01:30,7:02:05,,,,,,,,,,,,,,,
016,,,,,,,,,,,,,,,,,,,,,,,,,,,6:45:05,6:45:05,6:46:50,6:47:40,6:49:10,6:49:45,6:51:15,6:51:45,6:53:20,6:54:15,6:56:15,6:56:50,6:58:35,6:59:30,7:01:10,7:01:50,7:03:05,7:03:45,7:05:30,7:06:05,,,,,,,,,,,,,,,
018,,,,,,,,,,,,,,,,,,,,,,,,,,,6:51:05,6:51:05,6:52:50,6:53:40,6:55:10,6:55:45,6:57:15,6:57:45,6:59:20,7:00:15,7:02:15,7:02:50,7:04:35,7:05:30,7:07:10,7:07:50,7:09:05,7:09:45,7:11:30,7:12:05,,,,,,,,,,,,,,,
020,,,,,,,,,,,6:30:00,6:37:20,6:39:15,6:39:45,6:41:35,6:42:20,6:43:45,6:44:15,6:45:35,6:46:00,6:47:25,6:48:15,6:49:45,6:50:20,6:51:35,6:52:05,6:53:40,6:54:10,6:55:55,6:56:40,6:58:15,6:58:50,7:00:15,7:00:45,7:02:30,7:03:15,7:05:15,7:05:50,7:07:35,7:08:30,7:10:10,7:10:50,7:12:05,7:12:45,7:14:30,7:15:05,,,,,,,,,,,,,,,
022,,,,,,,,,,,,,,,,,,,,,,,,,,,6:57:10,6:57:10,6:58:55,6:59:45,7:01:15,7:01:50,7:03:20,7:03:50,7:05:25,7:06:20,7:08:20,7:08:55,7:10:40,7:11:35,7:13:15,7:13:55,7:15:10,7:15:50,7:17:35,7:18:10,,,,,,,,,,,,,,,
024,,,,,,,,,6:37:40,6:37:40,6:43:00,6:44:00,6:45:55,6:46:25,6:48:10,6:48:55,6:50:20,6:50:55,6:52:15,6:52:45,6:54:15,6:55:05,6:56:30,6:57:05,6:58:20,6:58:50,7:00:20,7:00:50,7:02:35,7:03:25,7:04:55,7:05:30,7:07:00,7:07:30,7:09:05,7:10:00,7:12:00,7:12:35,7:14:20,7:15:15,7:16:55,7:17:35,7:18:50,7:19:30,7:21:15,7:21:50,,,,,,,,,,,,,,,
026,6:30:00,6:30:00,6:32:05,6:32:50,6:34:45,6:35:20,6:38:15,6:38:40,6:40:30,6:41:10,6:46:35,6:47:25,6:49:20,6:49:50,6:51:35,6:52:20,6:53:45,6:54:20,6:55:40,6:56:10,6:57:40,6:58:30,6:59:55,7:00:30,7:01:45,7:02:15,7:03:45,7:04:15,7:06:00,7:06:50,7:08:20,7:08:55,7:10:25,7:10:55,7:12:30,7:13:25,7:15:25,7:16:00,7:17:45,7:18:40,7:20:20,7:21:00,7:22:15,7:22:55,7:24:40,7:25:15,,,,,,,,,,,,,,,
028,,,,,,,,,,,6:50:15,6:51:05,6:53:00,6:53:30,6:55:15,6:56:00,6:57:25,6:58:00,6:59:20,6:59:50,7:01:20,7:02:10,7:03:35,7:04:10,7:05:25,7:05:55,7:07:25,7:07:55,7:09:40,7:10:30,7:12:00,7:12:35,7:14:05,7:14:35,7:16:10,7:17:05,7:19:05,7:19:40,7:21:25,7:22:20,7:24:00,7:24:40,7:25:55,7:26:35,7:28:20,7:28:55,,,,,,,,,,,,,,,
030,,,,,,,,,,,,,,,,,,,,,,,,,,,7:10:45,7:10:45,7:12:30,7:13:20,7:14:50,7:15:25,7:16:55,7:17:25,7:19:00,7:19:55,7:21:55,7:22:30,7:24:15,7:25:10,7:26:50,7:27:30,7:28:45,7:29:25,7:31:10,7:31:45,,,,,,,,,,,,,,,
032,6:39:25,6:39:25,6:41:30,6:42:15,6:44:10,6:44:45,6:47:40,6:48:05,6:49:55,6:50:35,6:56:00,6:56:50,6:58:45,6:59:15,7:01:00,7:01:45,7:03:10,7:03:45,7:05:05,7:05:35,7:07:05,7:07:55,7:09:20,7:09:55,7:11:10,7:11:40,7:13:10,7:13:40,7:15:25,7:16:15,7:17:45,7:18:20,7:19:50,7:20:20,7:21:55,7:22:50,7:24:50,7:25:25,7:27:10,7:28:05,7:29:45,7:30:25,7:31:40,7:32:20,7:34:05,7:34:40,,,,,,,,,,,,,,,
034,6:42:00,6:42:35,6:44:40,6:45:25,6:47:20,6:47:55,6:50:50,6:51:15,6:53:05,6:53:45,6:59:10,7:00:00,7:01:55,7:02:25,7:04:10,7:04:55,7:06:20,7:06:55,7:08:15,7:08:45,7:10:15,7:11:05,7:12:30,7:13:05,7:14:20,7:14:50,7:16:20,7:16:50,7:18:35,7:19:25,7:20:55,7:21:30,7:23:00,7:23:30,7:25:05,7:26:00,7:28:00,7:28:35,7:30:20,7:31:15,7:32:55,7:33:35,7:34:50,7:35:30,7:37:15,7:37:50,,,,,,,,,,,,,,,
036,,,,,,,,,,,,,,,,,,,,,,,,,,,7:20:00,7:20:00,7:21:45,7:22:35,7:24:05,7:24:40,7:26:10,7:26:40,7:28:15,7:29:10,7:31:10,7:31:45,7:33:30,7:34:25,7:36:05,7:36:45,7:38:00,7:38:40,7:40:25,7:41:00,,,,,,,,,,,,,,,
038,6:48:25,6:49:00,6:51:05,6:51:50,6:53:45,6:54:20,6:57:15,6:57:40,6:59:30,7:00:10,7:05:35,7:06:25,7:08:20,7:08:50,7:10:35,7:11:20,7:12:45,7:13:20,7:14:40,7:15:10,7:16:40,7:17:30,7:18:55,7:19:30,7:20:45,7:21:15,7:22:45,7:23:15,7:25:00,7:25:50,7:27:20,7:27:55,7:29:25,7:29:55,7:31:30,7:32:25,7:34:25,7:35:00,7:36:45,7:37:40,7:39:20,7:40:00,7:41:15,7:41:55,7:43:40,7:44:15,,,,,,,,,,,,,,,
040,,,,,,,,,,,7:08:50,7:09:45,7:11:40,7:12:10,7:13:55,7:14:40,7:16:05,7:16:40,7:18:00,7:18:30,7:20:00,7:20:50,7:22:15,7:22:50,7:24:05,7:24:35,7:26:05,7:26:35,7:28:20,7:29:10,7:30:40,7:31:15,7:32:45,7:33:15,7:34:50,7:35:45,7:37:45,7:38:20,7:40:05,7:41:00,7:42:40,7:43:20,7:44:35,7:45:15,7:47:00,7:47:35,,,,,,,,,,,,,,,
042,,,,,,,,,,,,,,,,,,,,,,,,,,,7:29:45,7:29:45,7:31:30,7:32:20,7:33:50,7:34:25,7:35:55,7:36:25,7:38:00,7:38:55,7:40:55,7:41:30,7:43:15,7:44:10,7:45:50,7:46:30,7:47:45,7:48:25,7:50:10,7:50:45,,,,,,,,,,,,,,,
044,6:58:30,6:59:10,7:01:15,7:02:00,7:03:55,7:04:30,7:07:25,7:07:50,7:09:40,7:10:20,7:15:45,7:16:35,7:18:30,7:19:00,7:20:45,7:21:30,7:22:55,7:23:30,7:24:50,7:25:20,7:26:50,7:27:40,7:29:05,7:29:40,7:30:55,7:31:25,7:32:55,7:33:25,7:35:10,7:36:00,7:37:30,7:38:05,7:39:35,7:40:05,7:41:40,7:42:35,7:44:35,7:45:10,7:46:55,7:47:50,7:49:30,7:50:10,7:51:25,7:52:05,7:53:50,7:54:25,,,,,,,,,,,,,,,
046,,,,,,,,,,,7:19:10,7:20:00,7:21:55,7:22:25,7:24:10,7:24:55,7:26:20,7:26:55,7:28:15,7:28:45,7:30:15,7:31:05,7:32:30,7:33:05,7:34:20,7:34:50,7:36:20,7:36:50,7:38:35,7:39:25,7:40:55,7:41:30,7:43:00,7:43:30,7:45:05,7:46:00,7:48:00,7:48:35,7:50:20,7:51:15,7:52:55,7:53:35,7:54:50,7:55:30,7:57:15,7:57:50,,,,,,,,,,,,,,,
048,7:08:00,7:08:30,7:10:35,7:11:20,7:13:15,7:13:50,7:16:45,7:17:10,7:19:00,7:19:40,7:25:05,7:25:55,7:27:50,7:28:20,7:30:05,7:30:50,7:32:15,7:32:50,7:34:10,7:34:40,7:36:10,7:37:00,7:38:25,7:39:00,7:40:15,7:40:45,7:42:15,7:42:45,7:44:30,7:45:20,7:46:50,7:47:25,7:48:55,7:49:25,7:51:00,7:51:55,7:53:55,7:54:30,7:56:15,7:57:10,7:58:50,7:59:30,8:00:45,8:01:25,8:03:10,8:03:45,,,,,,,,,,,,,,,
050,7:11:10,7:11:45,7:13:50,7:14:35,7:16:30,7:17:05,7:20:00,7:20:25,7:22:15,7:22:55,7:28:20,7:29:10,7:31:05,7:31:35,7:33:20,7:34:05,7:35:30,7:36:05,7:37:25,7:37:55,7:39:25,7:40:15,7:41:40,7:42:15,7:43:30,7:44:00,7:45:30,7:46:00,7:47:45,7:48:35,7:50:05,7:50:40,7:52:10,7:52:40,7:54:15,7:55:10,7:57:10,7:57:45,7:59:30,8:00:25,8:02:05,8:02:45,8:04:00,8:04:40,8:06:25,8:07:00,,,,,,,,,,,,,,,
052,7:14:15,7:14:55,7:17:00,7:17:45,7:19:40,7:20:15,7:23:10,7:23:35,7:25:25,7:26:05,7:31:30,7:32:20,7:34:15,7:34:45,7:36:30,7:37:15,7:38:40,7:39:15,7:40:35,7:41:05,7:42:35,7:43:25,7:44:50,7:45:25,7:46:40,7:47:10,7:48:40,7:49:10,7:50:55,7:51:45,7:53:15,7:53:50,7:55:20,7:55:50,7:57:25,7:58:20,8:00:20,8:00:55,8:02:40,8:03:35,8:05:15,8:05:55,8:07:10,8:07:50,8:09:35,8:10:10,,,,,,,,,,,,,,,
054,,,,,,,,,,,7:34:45,7:35:35,7:37:30,7:38:00,7:39:45,7:40:30,7:41:55,7:42:30,7:43:50,7:44:20,7:45:50,7:46:40,7:48:05,7:48:40,7:49:55,7:50:25,7:51:55,7:52:25,7:54:10,7:55:00,7:56:30,7:57:05,7:58:35,7:59:05,8:00:40,8:01:35,8:03:35,8:04:10,8:05:55,8:06:50,8:08:30,8:09:10,8:10:25,8:11:05,8:12:50,8:13:25,,,,,,,,,,,,,,,
056,7:20:45,7:21:25,7:23:30,7:24:15,7:26:10,7:26:45,7:29:40,7:30:05,7:31:55,7:32:35,7:38:00,7:38:50,7:40:45,7:41:15,7:43:00,7:43:45,7:45:10,7:45:45,7:47:05,7:47:35,7:49:05,7:49:55,7:51:20,7:51:55,7:53:10,7:53:40,7:55:10,7:55:40,7:57:25,7:58:15,7:59:45,8:00:20,8:01:50,8:02:20,8:03:55,8:04:50,8:06:50,8:07:25,8:09:10,8:10:05,8:11:45,8:12:25,8:13:40,8:14:20,8:16:05,8:16:40,,,,,,,,,,,,,,,
058,,,,,,,,,,,7:41:10,7:42:00,7:43:55,7:44:25,7:46:10,7:46:55,7:48:20,7:48:55,7:50:15,7:50:45,7:52:15,7:53:05,7:54:30,7:55:05,7:56:20,7:56:50,7:58:20,7:58:50,8:00:35,8:01:25,8:02:55,8:03:30,8:05:00,8:05:30,8:07:05,8:08:00,8:10:00,8:10:35,8:12:20,8:13:15,8:14:55,8:15:35,8:16:50,8:17:30,8:19:15,8:19:50,,,,,,,,,,,,,,,
060,7:27:15,7:27:40,7:29:45,7:30:30,7:32:25,7:33:00,7:35:55,7:36:20,7:38:10,7:38:50,7:44:15,7:45:05,7:47:00,7:47:30,7:49:15,7:50:00,7:51:25,7:52:00,7:53:20,7:53:50,7:55:20,7:56:10,7:57:35,7:58:10,7:59:25,7:59:55,8:01:25,8:01:55,8:03:40,8:04:30,8:06:00,8:06:35,8:08:05,8:08:35,8:10:10,8:11:05,8:13:05,8:13:40,8:15:25,8:16:20,8:18:00,8:18:40,8:19:55,8:20:35,8:22:20,8:22:55,,,,,,,,,,,,,,,
062,,,,,,,,,,,7:47:10,7:48:15,7:50:10,7:50:40,7:52:25,7:53:10,7:54:35,7:55:10,7:56:30,7:57:00,7:58:30,7:59:20,8:00:45,8:01:20,8:02:35,8:03:05,8:04:35,8:05:05,8:06:50,8:07:40,8:09:10,8:09:45,8:11:15,8:11:45,8:13:20,8:14:15,8:16:15,8:16:50,8:18:35,8:19:30,8:21:10,8:21:50,8:23:05,8:23:45,8:25:30,8:26:05,,,,,,,,,,,,,,,
064,7:33:20,7:34:00,7:36:05,7:36:50,7:38:45,7:39:20,7:42:15,7:42:40,7:44:30,7:45:10,7:50:35,7:51:25,7:53:20,7:53:50,7:55:35,7:56:20,7:57:45,7:58:20,7:59:40,8:00:10,8:01:40,8:02:30,8:03:55,8:04:30,8:05:45,8:06:15,8:07:45,8:08:15,8:10:00,8:10:50,8:12:20,8:12:55,8:14:25,8:14:55,8:16:30,8:17:25,8:19:25,8:20:00,8:21:45,8:22:40,8:24:20,8:25:00,8:26:15,8:26:55,8:28:40,8:29:15,,,,,,,,,,,,,,,
066,7:36:35,7:37:10,7:39:15,7:40:00,7:41:55,7:42:30,7:45:25,7:45:50,7:47:40,7:48:20,7:53:45,7:54:35,7:56:30,7:57:00,7:58:45,7:59:30,8:00:55,8:01:30,8:02:50,8:03:20,8:04:50,8:05:40,8:07:05,8:07:40,8:08:55,8:09:25,8:10:55,8:11:25,8:13:10,8:14:00,8:15:30,8:16:05,8:17:35,8:18:05,8:19:40,8:20:35,8:22:35,8:23:10,8:24:55,8:25:50,8:27:30,8:28:10,8:29:25,8:30:05,8:31:50,8:32:25,,,,,,,,,,,,,,,
068,7:39:45,7:40:20,7:42:25,7:43:10,7:45:05,7:45:40,7:48:35,7:49:00,7:50:50,7:51:30,7:56:55,7:57:45,7:59:40,8:00:10,8:01:55,8:02:40,8:04:05,8:04:40,8:06:00,8:06:30,8:08:00,8:08:50,8:10:15,8:10:50,8:12:05,8:12:35,8:14:05,8:14:35,8:16:20,8:17:10,8:18:40,8:19:15,8:20:45,8:21:15,8:22:50,8:23:45,8:25:45,8:26:20,8:28:05,8:29:00,8:30:40,8:31:20,8:32:35,8:33:15,8:35:00,8:35:35,,,,,,,,,,,,,,,
070,,,,,,,,,,,8:00:00,8:00:55,8:02:50,8:03:20,8:05:05,8:05:50,8:07:15,8:07:50,8:09:10,8:09:40,8:11:10,8:12:00,8:13:25,8:14:00,8:15:15,8:15:45,8:17:15,8:17:45,8:19:30,8:20:20,8:21:50,8:22:25,8:23:55,8:24:25,8:26:00,8:26:55,8:28:55,8:29:30,8:31:15,8:32:10,8:33:50,8:34:30,8:35:45,8:36:25,8:38:10,8:38:45,,,,,,,,,,,,,,,
072,7:46:10,7:46:40,7:48:45,7:49:30,7:51:25,7:52:00,7:54:55,7:55:20,7:57:10,7:57:50,8:03:15,8:04:05,8:06:00,8:06:30,8:08:15,8:09:00,8:10:25,8:11:00,8:12:20,8:12:50,8:14:20,8:15:10,8:16:35,8:17:10,8:18:25,8:18:55,8:20:25,8:20:55,8:22:40,8:23:30,8:25:00,8:25:35,8:27:05,8:27:35,8:29:10,8:30:05,8:32:05,8:32:40,8:34:25,8:35:20,8:37:00,8:37:40,8:38:55,8:39:35,8:41:20,8:41:55,,,,,,,,,,,,,,,
074,,,,,,,,,,,8:06:25,8:07:15,8:09:10,8:09:40,8:11:25,8:12:10,8:13:35,8:14:10,8:15:30,8:16:00,8:17:30,8:18:20,8:19:45,8:20:20,8:21:35,8:22:05,8:23:35,8:24:05,8:25:50,8:26:40,8:28:10,8:28:45,8:30:15,8:30:45,8:32:20,8:33:15,8:35:15,8:35:50,8:37:35,8:38:30,8:40:10,8:40:50,8:42:05,8:42:45,8:44:30,8:45:05,,,,,,,,,,,,,,,
076,7:52:15,7:52:55,7:55:00,7:55:45,7:57:40,7:58:15,8:01:10,8:01:35,8:03:25,8:04:05,8:09:30,8:10:20,8:12:15,8:12:45,8:14:30,8:15:15,8:16:40,8:17:15,8:18:35,8:19:05,8:20:35,8:21:25,8:22:50,8:23:25,8:24:40,8:25:10,8:26:40,8:27:10,8:28:55,8:29:45,8:31:15,8:31:50,8:33:20,8:33:50,8:35:25,8:36:20,8:38:20,8:38:55,8:40:40,8:41:35,8:43:15,8:43:55,8:45:10,8:45:50,8:47:35,8:48:10,,,,,,,,,,,,,,,
078,,,,,,,,,,,8:12:50,8:13:40,8:15:35,8:16:05,8:17:50,8:18:35,8:20:00,8:20:35,8:21:55,8:22:25,8:23:55,8:24:45,8:26:10,8:26:45,8:28:00,8:28:30,8:30:00,8:30:30,8:32:15,8:33:05,8:34:35,8:35:10,8:36:40,8:37:10,8:38:45,8:39:40,8:41:40,8:42:15,8:44:00,8:44:55,8:46:35,8:47:15,8:48:30,8:49:10,8:50:55,8:51:30,,,,,,,,,,,,,,,
080,7:58:50,7:59:20,8:01:25,8:02:10,8:04:05,8:04:40,8:07:35,8:08:00,8:09:50,8:10:30,8:15:55,8:16:45,8:18:40,8:19:10,8:20:55,8:21:40,8:23:05,8:23:40,8:25:00,8:25:30,8:27:00,8:27:50,8:29:15,8:29:50,8:31:05,8:31:35,8:33:05,8:33:35,8:35:20,8:36:10,8:37:40,8:38:15,8:39:45,8:40:15,8:41:50,8:42:45,8:44:45,8:45:20,8:47:05,8:48:00,8:49:40,8:50:20,8:51:35,8:52:15,8:54:00,8:54:35,,,,,,,,,,,,,,,
082,,,,,,,,,,,8:19:05,8:20:00,8:21:55,8:22:25,8:24:10,8:24:55,8:26:20,8:26:55,8:28:15,8:28:45,8:30:15,8:31:05,8:32:30,8:33:05,8:34:20,8:34:50,8:36:20,8:36:50,8:38:35,8:39:25,8:40:55,8:41:30,8:43:00,8:43:30,8:45:05,8:46:00,8:48:00,8:48:35,8:50:20,8:51:15,8:52:55,8:53:35,8:54:50,8:55:30,8:57:15,8:57:50,,,,,,,,,,,,,,,
084,8:05:10,8:05:50,8:07:55,8:08:40,8:10:35,8:11:10,8:14:05,8:14:30,8:16:20,8:17:00,8:22:25,8:23:15,8:25:10,8:25:40,8:27:25,8:28:10,8:29:35,8:30:10,8:31:30,8:32:00,8:33:30,8:34:20,8:35:45,8:36:20,8:37:35,8:38:05,8:39:35,8:40:05,8:41:50,8:42:40,8:44:10,8:44:45,8:46:15,8:46:45,8:48:20,8:49:15,8:51:15,8:51:50,8:53:35,8:54:30,8:56:10,8:56:50,8:58:05,8:58:45,9:00:30,9:01:05,,,,,,,,,,,,,,,
086,,,,,,,,,,,8:25:30,8:26:20,8:28:15,8:28:45,8:30:30,8:31:15,8:32:40,8:33:15,8:34:35,8:35:05,8:36:35,8:37:25,8:38:50,8:39:25,8:40:40,8:41:10,8:42:40,8:43:10,8:44:55,8:45:45,8:47:15,8:47:50,8:49:20,8:49:50,8:51:25,8:52:20,8:54:20,8:54:55,8:56:40,8:57:35,8:59:15,8:59:55,9:01:10,9:01:50,9:03:35,9:04:10,,,,,,,,,,,,,,,
088,8:11:30,8:12:00,8:14:05,8:14:50,8:16:45,8:17:20,8:20:15,8:20:40,8:22:30,8:23:10,8:28:35,8:29:25,8:31:20,8:31:50,8:33:35,8:34:20,8:35:45,8:36:20,8:37:40,8:38:10,8:39:40,8:40:30,8:41:55,8:42:30,8:43:45,8:44:15,8:45:45,8:46:15,8:48:00,8:48:50,8:50:20,8:50:55,8:52:25,8:52:55,8:54:30,8:55:25,8:57:25,8:58:00,8:59:45,9:00:40,9:02:20,9:03:00,9:04:15,9:04:55,9:06:40,9:07:15,,,,,,,,,,,,,,,
090,,,,,,,,,,,8:31:50,8:32:40,8:34:35,8:35:05,8:36:50,8:37:35,8:39:00,8:39:35,8:40:55,8:41:25,8:42:55,8:43:45,8:45:10,8:45:45,8:47:00,8:47:30,8:49:00,8:49:30,8:51:15,8:52:05,8:53:35,8:54:10,8:55:40,8:56:10,8:57:45,8:58:40,9:00:40,9:01:15,9:03:00,9:03:55,9:05:35,9:06:15,9:07:30,9:08:10,9:09:55,9:10:30,,,,,,,,,,,,,,,
092,8:17:45,8:18:15,8:20:20,8:21:05,8:23:00,8:23:35,8:26:30,8:26:55,8:28:45,8:29:25,8:34:50,8:35:40,8:37:35,8:38:05,8:39:50,8:40:35,8:42:00,8:42:35,8:43:55,8:44:25,8:45:55,8:46:45,8:48:10,8:48:45,8:50:00,8:50:30,8:52:00,8:52:30,8:54:15,8:55:05,8:56:35,8:57:10,8:58:40,8:59:10,9:00:45,9:01:40,9:03:40,9:04:15,9:06:00,9:06:55,9:08:35,9:09:15,9:10:30,9:11:10,9:12:55,9:13:30,,,,,,,,,,,,,,,
094,,,,,,,,,,,8:38:10,8:39:00,8:40:55,8:41:25,8:43:10,8:43:55,8:45:20,8:45:55,8:47:15,8:47:45,8:49:15,8:50:05,8:51:30,8:52:05,8:53:20,8:53:50,8:55:20,8:55:50,8:57:35,8:58:25,8:59:55,9:00:30,9:02:00,9:02:30,9:04:05,9:05:00,9:07:00,9:07:35,9:09:20,9:10:15,9:11:55,9:12:35,9:13:50,9:14:30,9:16:15,9:16:50,,,,,,,,,,,,,,,
096,8:24:10,8:24:40,8:26:45,8:27:30,8:29:25,8:30:00,8:32:55,8:33:20,8:35:10,8:35:50,8:41:15,8:42:05,8:44:00,8:44:30,8:46:15,8:47:00,8:48:25,8:49:00,8:50:20,8:50:50,8:52:20,8:53:10,8:54:35,8:55:10,8:56:25,8:56:55,8:58:25,8:58:55,9:00:40,9:01:30,9:03:00,9:03:35,9:05:05,9:05:35,9:07:10,9:08:05,9:10:05,9:10:40,9:12:25,9:13:20,9:15:00,9:15:40,9:16:55,9:17:35,9:19:20,9:19:55,,,,,,,,,,,,,,,
098,,,,,,,,,,,8:44:30,8:45:20,8:47:15,8:47:45,8:49:30,8:50:15,8:51:40,8:52:15,8:53:35,8:54:05,8:55:35,8:56:25,8:57:50,8:58:25,8:59:40,9:00:10,9:01:40,9:02:10,9:03:55,9:04:45,9:06:15,9:06:50,9:08:20,9:08:50,9:10:25,9:11:20,9:13:20,9:13:55,9:15:40,9:16:35,9:18:15,9:18:55,9:20:10,9:20:50,9:22:35,9:23:10,,,,,,,,,,,,,,,
100,8:30:25,8:30:55,8:33:00,8:33:45,8:35:40,8:36:15,8:39:10,8:39:35,8:41:25,8:42:05,8:47:30,9:45:20,9:47:15,9:47:45,9:49:30,9:50:15,9:51:40,9:52:15,9:53:35,9:54:05,9:55:35,9:56:25,9:57:50,9:58:25,9:59:40,10:00:10,10:01:40,10:02:10,10:03:55,10:04:45,10:06:15,10:06:50,10:08:20,10:08:50,10:10:25,10:11:20,10:13:20,10:13:55,10:15:40,10:16:35,10:18:15,10:18:55,10:20:10,10:20:50,10:22:35,10:23:10,,,,,,,,,,,,,,,
102,,,,,,,,,,,8:50:45,8:51:35,8:53:30,8:54:00,8:55:45,8:56:30,8:57:55,8:58:30,8:59:50,9:00:20,9:01:50,9:02:40,9:04:05,9:04:40,9:05:55,9:06:25,9:07:55,9:08:25,9:10:10,9:11:00,9:12:30,9:13:05,9:14:35,9:15:05,9:16:40,9:17:35,9:19:35,9:20:10,9:21:55,9:22:50,9:24:30,9:25:10,9:26:25,9:27:05,9:28:50,9:29:25,,,,,,,,,,,,,,,
104,8:36:45,8:37:15,8:39:20,8:40:05,8:42:00,8:42:35,8:45:30,8:45:55,8:47:45,8:48:25,8:53:50,8:54:40,8:56:35,8:57:05,8:58:50,8:59:35,9:01:00,9:01:35,9:02:55,9:03:25,9:04:55,9:05:45,9:07:10,9:07:45,9:09:00,9:09:30,9:11:00,9:11:30,9:13:15,9:14:05,9:15:35,9:16:10,9:17:40,9:18:10,9:19:45,9:20:40,9:22:40,9:23:15,9:25:00,9:25:55,9:27:35,9:28:15,9:29:30,9:30:10,9:31:55,9:32:30,,,,,,,,,,,,,,,
106,,,,,,,,,,,8:57:00,8:58:00,8:59:55,9:00:25,9:02:10,9:02:55,9:04:20,9:04:55,9:06:15,9:06:45,9:08:15,9:09:05,9:10:30,9:11:05,9:12:20,9:12:50,9:14:20,9:14:50,9:16:35,9:17:25,9:18:55,9:19:30,9:21:00,9:21:30,9:23:05,9:24:00,9:26:00,9:26:35,9:28:20,9:29:15,9:30:55,9:31:35,9:32:50,9:33:30,9:35:15,9:35:50,,,,,,,,,,,,,,,
112,8:43:00,8:43:40,8:45:45,8:46:30,8:48:25,8:49:00,8:51:55,8:52:20,8:54:10,8:54:50,9:00:15,9:01:05,9:03:00,9:03:30,9:05:15,9:06:00,9:07:25,9:08:00,9:09:20,9:09:50,9:11:20,9:12:10,9:13:35,9:14:10,9:15:25,9:15:55,9:17:25,9:17:55,9:19:40,9:20:30,9:22:00,9:22:35,9:24:05,9:24:35,9:26:10,9:27:05,9:29:05,9:29:40,9:31:25,9:32:20,9:34:00,9:34:40,9:35:55,9:36:35,9:38:20,9:38:55,,,,,,,,,,,,,,,
110,,,,,,,,,,,9:03:25,9:04:15,9:06:10,9:06:40,9:08:25,9:09:10,9:10:35,9:11:10,9:12:30,9:13:00,9:14:30,9:15:20,9:16:45,9:17:20,9:18:35,9:19:05,9:20:35,9:21:05,9:22:50,9:23:40,9:25:10,9:25:45,9:27:15,9:27:45,9:29:20,9:30:15,9:32:15,9:32:50,9:34:35,9:35:30,9:37:10,9:37:50,9:39:05,9:39:45,9:41:30,9:42:05,,,,,,,,,,,,,,,
112,8:49:30,8:50:00,8:52:05,8:52:50,8:54:45,8:55:20,8:58:15,8:58:40,9:00:30,9:01:10,9:06:35,9:07:25,9:09:20,9:09:50,9:11:35,9:12:20,9:13:45,9:14:20,9:15:40,9:16:10,9:17:40,9:18:30,9:19:55,9:20:30,9:21:45,9:22:15,9:23:45,9:24:15,9:26:00,9:26:50,9:28:20,9:28:55,9:30:25,9:30:55,9:32:30,9:33:25,9:35:25,9:36:00,9:37:45,9:38:40,9:40:20,9:41:00,9:42:15,9:42:55,9:44:40,9:45:15,,,,,,,,,,,,,,,
114,,,,,,,,,,,9:09:45,9:10:35,9:12:30,9:13:00,9:14:45,9:15:30,9:16:55,9:17:30,9:18:50,9:19:20,9:20:50,9:21:40,9:23:05,9:23:40,9:24:55,9:25:25,9:26:55,9:27:25,9:29:10,9:30:00,9:31:30,9:32:05,9:33:35,9:34:05,9:35:40,9:36:35,9:38:35,9:39:10,9:40:55,9:41:50,9:43:30,9:44:10,9:45:25,9:46:05,9:47:50,9:48:25,,,,,,,,,,,,,,,
116,8:55:55,8:56:25,8:58:30,8:59:15,9:01:10,9:01:45,9:04:40,9:05:05,9:06:55,9:07:35,9:13:00,9:13:50,9:15:45,9:16:15,9:18:00,9:18:45,9:20:10,9:20:45,9:22:05,9:22:35,9:24:05,9:24:55,9:26:20,9:26:55,9:28:10,9:28:40,9:30:10,9:30:40,9:32:25,9:33:15,9:34:45,9:35:20,9:36:50,9:37:20,9:38:55,9:39:50,9:41:50,9:42:25,9:44:10,9:45:05,9:46:45,9:47:25,9:48:40,9:49:20,9:51:05,9:51:40,,,,,,,,,,,,,,,
118,,,,,,,,,,,9:16:10,9:17:00,9:18:55,9:19:25,9:21:10,9:21:55,9:23:20,9:23:55,9:25:15,9:25:45,9:27:15,9:28:05,9:29:30,9:30:05,9:31:20,9:31:50,9:33:20,9:33:50,9:35:35,9:36:25,9:37:55,9:38:30,9:40:00,9:40:30,9:42:05,9:43:00,9:45:00,9:45:35,9:47:20,9:48:15,9:49:55,9:50:35,9:51:50,9:52:30,9:54:15,9:54:50,,,,,,,,,,,,,,,
120,9:02:00,9:02:40,9:04:45,9:05:30,9:07:25,9:08:00,9:10:55,9:11:20,9:13:10,9:13:50,9:19:15,9:20:05,9:22:00,9:22:30,9:24:15,9:25:00,9:26:25,9:27:00,9:28:20,9:28:50,9:30:20,9:31:10,9:32:35,9:33:10,9:34:25,9:34:55,9:36:25,9:36:55,9:38:40,9:39:30,9:41:00,9:41:35,9:43:05,9:43:35,9:45:10,9:46:05,9:48:05,9:48:40,9:50:25,9:51:20,9:53:00,9:53:40,9:54:55,9:55:35,9:57:20,9:57:55,,,,,,,,,,,,,,,
122,,,,,,,,,,,9:22:25,9:23:20,9:25:15,9:25:45,9:27:30,9:28:15,9:29:40,9:30:15,9:31:35,9:32:05,9:33:35,9:34:25,9:35:50,9:36:25,9:37:40,9:38:10,9:39:40,9:40:10,9:41:55,9:42:45,9:44:15,9:44:50,9:46:20,9:46:50,9:48:25,9:49:20,9:51:20,9:51:55,9:53:40,9:54:35,9:56:15,9:56:55,9:58:10,9:58:50,10:00:35,10:01:10,,,,,,,,,,,,,,,
124,9:08:30,9:09:05,9:11:10,9:11:55,9:13:50,9:14:25,9:17:20,9:17:45,9:19:35,9:20:15,9:25:40,9:26:30,9:28:25,9:28:55,9:30:40,9:31:25,9:32:50,9:33:25,9:34:45,9:35:15,9:36:45,9:37:35,9:39:00,9:39:35,9:40:50,9:41:20,9:42:50,9:43:20,9:45:05,9:45:55,9:47:25,9:48:00,9:49:30,9:50:00,9:51:35,9:52:30,9:54:30,9:55:05,9:56:50,9:57:45,9:59:25,10:00:05,10:01:20,10:02:00,10:03:45,10:04:20,,,,,,,,,,,,,,,
126,,,,,,,,,,,9:28:45,9:29:35,9:31:30,9:32:00,9:33:45,9:34:30,9:35:55,9:36:30,9:37:50,9:38:20,9:39:50,9:40:40,9:42:05,9:42:40,9:43:55,9:44:25,9:45:55,9:46:25,9:48:10,9:49:00,9:50:30,9:51:05,9:52:35,9:53:05,9:54:40,9:55:35,9:57:35,9:58:10,9:59:55,10:00:50,10:02:30,10:03:10,10:04:25,10:05:05,10:06:50,10:07:25,,,,,,,,,,,,,,,
128,9:14:50,9:15:20,9:17:25,9:18:10,9:20:05,9:20:40,9:23:35,9:24:00,9:25:50,9:26:30,9:31:55,9:32:45,9:34:40,9:35:10,9:36:55,9:37:40,9:39:05,9:39:40,9:41:00,9:41:30,9:43:00,9:43:50,9:45:15,9:45:50,9:47:05,9:47:35,9:49:05,9:49:35,9:51:20,9:52:10,9:53:40,9:54:15,9:55:45,9:56:15,9:57:50,9:58:45,10:00:45,10:01:20,10:03:05,10:04:00,10:05:40,10:06:20,10:07:35,10:08:15,10:10:00,10:10:35,,,,,,,,,,,,,,,
130,,,,,,,,,,,9:35:20,9:36:10,9:38:05,9:38:35,9:40:20,9:41:05,9:42:30,9:43:05,9:44:25,9:44:55,9:46:25,9:47:15,9:48:40,9:49:15,9:50:30,9:51:00,9:52:30,9:53:00,9:54:45,9:55:35,9:57:05,9:57:40,9:59:10,9:59:40,10:01:15,10:02:10,10:04:10,10:04:45,10:06:30,10:07:25,10:09:05,10:09:45,10:11:00,10:11:40,10:13:25,10:14:00,,,,,,,,,,,,,,,
132,9:21:30,9:22:00,9:24:05,9:24:50,9:26:45,9:27:20,9:30:15,9:30:40,9:32:30,9:33:10,9:38:35,9:39:25,9:41:20,9:41:50,9:43:35,9:44:20,9:45:45,9:46:20,9:47:40,9:48:10,9:49:40,9:50:30,9:51:55,9:52:30,9:53:45,9:54:15,9:55:45,9:56:15,9:58:00,9:58:50,10:00:20,10:00:55,10:02:25,10:02:55,10:04:30,10:05:25,10:07:25,10:08:00,10:09:45,10:10:40,10:12:20,10:13:00,10:14:15,10:14:55,10:16:40,10:17:15,,,,,,,,,,,,,,,
134,,,,,,,,,,,9:44:35,9:45:25,9:47:20,9:47:50,9:49:35,9:50:20,9:51:45,9:52:20,9:53:40,9:54:10,9:55:40,9:56:30,9:57:55,9:58:30,9:59:45,10:00:15,10:01:45,10:02:15,10:04:00,10:04:50,10:06:20,10:06:55,10:08:25,10:08:55,10:10:30,10:11:25,10:13:25,10:14:00,10:15:45,10:16:40,10:18:20,10:19:00,10:20:15,10:20:55,10:22:40,10:23:15,,,,,,,,,,,,,,,
136,9:32:30,9:33:00,9:35:05,9:35:50,9:37:45,9:38:20,9:41:15,9:41:40,9:43:30,9:44:10,9:49:35,9:50:25,9:52:20,9:52:50,9:54:35,9:55:20,9:56:45,9:57:20,9:58:40,9:59:10,10:00:40,10:01:30,10:02:55,10:03:30,10:04:45,10:05:15,10:06:45,10:07:15,10:09:00,10:09:50,10:11:20,10:11:55,10:13:25,10:13:55,10:15:30,10:16:25,10:18:25,10:19:00,10:20:45,10:21:40,10:23:20,10:24:00,10:25:15,10:25:55,10:27:40,10:28:15,,,,,,,,,,,,,,,
138,,,,,,,,,,,9:54:35,9:55:25,9:57:20,9:57:50,9:59:35,10:00:20,10:01:45,10:02:20,10:03:40,10:04:10,10:05:40,10:06:30,10:07:55,10:08:30,10:09:45,10:10:15,10:11:45,10:12:15,10:14:00,10:14:50,10:16:20,10:16:55,10:18:25,10:18:55,10:20:30,10:21:25,10:23:25,10:24:00,10:25:45,10:26:40,10:28:20,10:29:00,10:30:15,10:30:55,10:32:40,10:33:15,,,,,,,,,,,,,,,
140,9:42:30,9:43:00,9:45:05,9:45:50,9:47:45,9:48:20,9:51:15,9:51:40,9:53:30,9:54:10,9:59:35,10:00:25,10:02:20,10:02:50,10:04:35,10:05:20,10:06:45,10:07:20,10:08:40,10:09:10,10:10:40,10:11:30,10:12:55,10:13:30,10:14:45,10:15:15,10:16:45,10:17:15,10:19:00,10:19:50,10:21:20,10:21:55,10:23:25,10:23:55,10:25:30,10:26:25,10:28:25,10:29:00,10:30:45,10:31:40,10:33:20,10:34:00,10:35:15,10:35:55,10:37:40,10:38:15,,,,,,,,,,,,,,,
142,,,,,,,,,,,10:04:35,10:05:20,10:07:15,10:07:45,10:09:30,10:10:15,10:11:40,10:12:15,10:13:35,10:14:05,10:15:35,10:16:25,10:17:50,10:18:25,10:19:40,10:20:10,10:21:40,10:22:10,10:23:55,10:24:45,10:26:15,10:26:50,10:28:20,10:28:50,10:30:25,10:31:20,10:33:20,10:33:55,10:35:40,10:36:35,10:38:15,10:38:55,10:40:10,10:40:50,10:42:35,10:43:10,,,,,,,,,,,,,,,
144,9:52:25,9:52:55,9:55:00,9:55:45,9:57:40,9:58:15,10:01:10,10:01:35,10:03:25,10:04:05,10:09:30,10:10:20,10:12:15,10:12:45,10:14:30,10:15:15,10:16:40,10:17:15,10:18:35,10:19:05,10:20:35,10:21:25,10:22:50,10:23:25,10:24:40,10:25:10,10:26:40,10:27:10,10:28:55,10:29:45,10:31:15,10:31:50,10:33:20,10:33:50,10:35:25,10:36:20,10:38:20,10:38:55,10:40:40,10:41:35,10:43:15,10:43:55,10:45:10,10:45:50,10:47:35,10:48:10,,,,,,,,,,,,,,,
146,,,,,,,,,,,10:15:35,10:16:25,10:18:20,10:18:50,10:20:35,10:21:20,10:22:45,10:23:20,10:24:40,10:25:10,10:26:40,10:27:30,10:28:55,10:29:30,10:30:45,10:31:15,10:32:45,10:33:15,10:35:00,10:35:50,10:37:20,10:37:55,10:39:25,10:39:55,10:41:30,10:42:25,10:44:25,10:45:00,10:46:45,10:47:40,10:49:20,10:50:00,10:51:15,10:51:55,10:53:40,10:54:15,,,,,,,,,,,,,,,
148,10:02:25,10:03:00,10:05:05,10:05:50,10:07:45,10:08:20,10:11:15,10:11:40,10:13:30,10:14:10,10:19:35,10:20:25,10:22:20,10:22:50,10:24:35,10:25:20,10:26:45,10:27:20,10:28:40,10:29:10,10:30:40,10:31:30,10:32:55,10:33:30,10:34:45,10:35:15,10:36:45,10:37:15,10:39:00,10:39:50,10:41:20,10:41:55,10:43:25,10:43:55,10:45:30,10:46:25,10:48:25,10:49:00,10:50:45,10:51:40,10:53:20,10:54:00,10:55:15,10:55:55,10:57:40,10:58:15,,,,,,,,,,,,,,,
150,,,,,,,,,,,10:24:25,10:25:20,10:27:15,10:27:45,10:29:30,10:30:15,10:31:40,10:32:15,10:33:35,10:34:05,10:35:35,10:36:25,10:37:50,10:38:25,10:39:40,10:40:10,10:41:40,10:42:10,10:43:55,10:44:45,10:46:15,10:46:50,10:48:20,10:48:50,10:50:25,10:51:20,10:53:20,10:53:55,10:55:40,10:56:35,10:58:15,10:58:55,11:00:10,11:00:50,11:02:35,11:03:10,,,,,,,,,,,,,,,
152,10:12:30,10:13:00,10:15:05,10:15:50,10:17:45,10:18:20,10:21:15,10:21:40,10:23:30,10:24:10,10:29:35,10:30:25,10:32:20,10:32:50,10:34:35,10:35:20,10:36:45,10:37:20,10:38:40,10:39:10,10:40:40,10:41:30,10:42:55,10:43:30,10:44:45,10:45:15,10:46:45,10:47:15,10:49:00,10:49:50,10:51:20,10:51:55,10:53:25,10:53:55,10:55:30,10:56:25,10:58:25,10:59:00,11:00:45,11:01:40,11:03:20,11:04:00,11:05:15,11:05:55,11:07:40,11:08:15,,,,,,,,,,,,,,,
154,,,,,,,,,,,10:34:35,10:35:25,10:37:20,10:37:50,10:39:35,10:40:20,10:41:45,10:42:20,10:43:40,10:44:10,10:45:40,10:46:30,10:47:55,10:48:30,10:49:45,10:50:15,10:51:45,10:52:15,10:54:00,10:54:50,10:56:20,10:56:55,10:58:25,10:58:55,11:00:30,11:01:25,11:03:25,11:04:00,11:05:45,11:06:40,11:08:20,11:09:00,11:10:15,11:10:55,11:12:40,11:13:15,,,,,,,,,,,,,,,
156,10:22:30,10:23:00,10:25:05,10:25:50,10:27:45,10:28:20,10:31:15,10:31:40,10:33:30,10:34:10,10:39:35,10:40:25,10:42:20,10:42:50,10:44:35,10:45:20,10:46:45,10:47:20,10:48:40,10:49:10,10:50:40,10:51:30,10:52:55,10:53:30,10:54:45,10:55:15,10:56:45,10:57:15,10:59:00,10:59:50,11:01:20,11:01:55,11:03:25,11:03:55,11:05:30,11:06:25,11:08:25,11:09:00,11:10:45,11:11:40,11:13:20,11:14:00,11:15:15,11:15:55,11:17:40,11:18:15,,,,,,,,,,,,,,,
158,,,,,,,,,,,10:44:35,10:45:25,10:47:20,10:47:50,10:49:35,10:50:20,10:51:45,10:52:20,10:53:40,10:54:10,10:55:40,10:56:30,10:57:55,10:58:30,10:59:45,11:00:15,11:01:45,11:02:15,11:04:00,11:04:50,11:06:20,11:06:55,11:08:25,11:08:55,11:10:30,11:11:25,11:13:25,11:14:00,11:15:45,11:16:40,11:18:20,11:19:00,11:20:15,11:20:55,11:22:40,11:23:15,,,,,,,,,,,,,,,
160,10:32:25,10:33:00,10:35:05,10:35:50,10:37:45,10:38:20,10:41:15,10:41:40,10:43:30,10:44:10,10:49:35,10:50:25,10:52:20,10:52:50,10:54:35,10:55:20,10:56:45,10:57:20,10:58:40,10:59:10,11:00:40,11:01:30,11:02:55,11:03:30,11:04:45,11:05:15,11:06:45,11:07:15,11:09:00,11:09:50,11:11:20,11:11:55,11:13:25,11:13:55,11:15:30,11:16:25,11:18:25,11:19:00,11:20:45,11:21:40,11:23:20,11:24:00,11:25:15,11:25:55,11:27:40,11:28:15,,,,,,,,,,,,,,,
162,,,,,,,,,,,10:54:15,10:55:20,10:57:15,10:57:45,10:59:30,11:00:15,11:01:40,11:02:15,11:03:35,11:04:05,11:05:35,11:06:25,11:07:50,11:08:25,11:09:40,11:10:10,11:11:40,11:12:10,11:13:55,11:14:45,11:16:15,11:16:50,11:18:20,11:18:50,11:20:25,11:21:20,11:23:20,11:23:55,11:25:40,11:26:35,11:28:15,11:28:55,11:30:10,11:30:50,11:32:35,11:33:10,,,,,,,,,,,,,,,
164,10:42:30,10:43:00,10:45:05,10:45:50,10:47:45,10:48:20,10:51:15,10:51:40,10:53:30,10:54:10,10:59:35,11:00:25,11:02:20,11:02:50,11:04:35,11:05:20,11:06:45,11:07:20,11:08:40,11:09:10,11:10:40,11:11:30,11:12:55,11:13:30,11:14:45,11:15:15,11:16:45,11:17:15,11:19:00,11:19:50,11:21:20,11:21:55,11:23:25,11:23:55,11:25:30,11:26:25,11:28:25,11:29:00,11:30:45,11:31:40,11:33:20,11:34:00,11:35:15,11:35:55,11:37:40,11:38:15,,,,,,,,,,,,,,,
166,,,,,,,,,,,11:04:35,11:05:20,11:07:15,11:07:45,11:09:30,11:10:15,11:11:40,11:12:15,11:13:35,11:14:05,11:15:35,11:16:25,11:17:50,11:18:25,11:19:40,11:20:10,11:21:40,11:22:10,11:23:55,11:24:45,11:26:15,11:26:50,11:28:20,11:28:50,11:30:25,11:31:20,11:33:20,11:33:55,11:35:40,11:36:35,11:38:15,11:38:55,11:40:10,11:40:50,11:42:35,11:43:10,,,,,,,,,,,,,,,
168,10:52:20,10:53:00,10:55:05,10:55:50,10:57:45,10:58:20,11:01:15,11:01:40,11:03:30,11:04:10,11:09:35,11:10:25,11:12:20,11:12:50,11:14:35,11:15:20,11:16:45,11:17:20,11:18:40,11:19:10,11:20:40,11:21:30,11:22:55,11:23:30,11:24:45,11:25:15,11:26:45,11:27:15,11:29:00,11:29:50,11:31:20,11:31:55,11:33:25,11:33:55,11:35:30,11:36:25,11:38:25,11:39:00,11:40:45,11:41:40,11:43:20,11:44:00,11:45:15,11:45:55,11:47:40,11:48:15,,,,,,,,,,,,,,,
170,,,,,,,,,,,11:14:35,11:15:25,11:17:20,11:17:50,11:19:35,11:20:20,11:21:45,11:22:20,11:23:40,11:24:10,11:25:40,11:26:30,11:27:55,11:28:30,11:29:45,11:30:15,11:31:45,11:32:15,11:34:00,11:34:50,11:36:20,11:36:55,11:38:25,11:38:55,11:40:30,11:41:25,11:43:25,11:44:00,11:45:45,11:46:40,11:48:20,11:49:00,11:50:15,11:50:55,11:52:40,11:53:15,,,,,,,,,,,,,,,
172,11:02:30,11:03:00,11:05:05,11:05:50,11:07:45,11:08:20,11:11:15,11:11:40,11:13:30,11:14:10,11:19:35,11:20:25,11:22:20,11:22:50,11:24:35,11:25:20,11:26:45,11:27:20,11:28:40,11:29:10,11:30:40,11:31:30,11:32:55,11:33:30,11:34:45,11:35:15,11:36:45,11:37:15,11:39:00,11:39:50,11:41:20,11:41:55,11:43:25,11:43:55,11:45:30,11:46:25,11:48:25,11:49:00,11:50:45,11:51:40,11:53:20,11:54:00,11:55:15,11:55:55,11:57:40,11:58:15,,,,,,,,,,,,,,,
174,,,,,,,,,,,11:24:35,11:25:30,11:27:25,11:27:55,11:29:40,11:30:25,11:31:50,11:32:25,11:33:45,11:34:15,11:35:45,11:36:35,11:38:00,11:38:35,11:39:50,11:40:20,11:41:50,11:42:20,11:44:05,11:44:55,11:46:25,11:47:00,11:48:30,11:49:00,11:50:35,11:51:30,11:53:30,11:54:05,11:55:50,11:56:45,11:58:25,11:59:05,12:00:20,12:01:00,12:02:45,12:03:20,,,,,,,,,,,,,,,
176,11:12:20,11:13:00,11:15:05,11:15:50,11:17:45,11:18:20,11:21:15,11:21:40,11:23:30,11:24:10,11:29:35,11:30:25,11:32:20,11:32:50,11:34:35,11:35:20,11:36:45,11:37:20,11:38:40,11:39:10,11:40:40,11:41:30,11:42:55,11:43:30,11:44:45,11:45:15,11:46:45,11:47:15,11:49:00,11:49:50,11:51:20,11:51:55,11:53:25,11:53:55,11:55:30,11:56:25,11:58:25,11:59:00,12:00:45,12:01:40,12:03:20,12:04:00,12:05:15,12:05:55,12:07:40,12:08:15,,,,,,,,,,,,,,,
178,,,,,,,,,,,11:34:40,11:35:30,11:37:25,11:37:55,11:39:40,11:40:25,11:41:50,11:42:25,11:43:45,11:44:15,11:45:45,11:46:35,11:48:00,11:48:35,11:49:50,11:50:20,11:51:50,11:52:20,11:54:05,11:54:55,11:56:25,11:57:00,11:58:30,11:59:00,12:00:35,12:01:30,12:03:30,12:04:05,12:05:50,12:06:45,12:08:25,12:09:05,12:10:20,12:11:00,12:12:45,12:13:20,,,,,,,,,,,,,,,
180,11:22:25,11:23:00,11:25:05,11:25:50,11:27:45,11:28:20,11:31:15,11:31:40,11:33:30,11:34:10,11:39:35,11:40:25,11:42:20,11:42:50,11:44:35,11:45:20,11:46:45,11:47:20,11:48:40,11:49:10,11:50:40,11:51:30,11:52:55,11:53:30,11:54:45,11:55:15,11:56:45,11:57:15,11:59:00,11:59:50,12:01:20,12:01:55,12:03:25,12:03:55,12:05:30,12:06:25,12:08:25,12:09:00,12:10:45,12:11:40,12:13:20,12:14:00,12:15:15,12:15:55,12:17:40,12:18:15,,,,,,,,,,,,,,,
182,,,,,,,,,,,11:44:40,11:45:30,11:47:25,11:47:55,11:49:40,11:50:25,11:51:50,11:52:25,11:53:45,11:54:15,11:55:45,11:56:35,11:58:00,11:58:35,11:59:50,12:00:20,12:01:50,12:02:20,12:04:05,12:04:55,12:06:25,12:07:00,12:08:30,12:09:00,12:10:35,12:11:30,12:13:30,12:14:05,12:15:50,12:16:45,12:18:25,12:19:05,12:20:20,12:21:00,12:22:45,12:23:20,,,,,,,,,,,,,,,
184,11:32:20,11:33:00,11:35:05,11:35:50,11:37:45,11:38:20,11:41:15,11:41:40,11:43:30,11:44:10,11:49:35,11:50:25,11:52:20,11:52:50,11:54:35,11:55:20,11:56:45,11:57:20,11:58:40,11:59:10,12:00:40,12:01:30,12:02:55,12:03:30,12:04:45,12:05:15,12:06:45,12:07:15,12:09:00,12:09:50,12:11:20,12:11:55,12:13:25,12:13:55,12:15:30,12:16:25,12:18:25,12:19:00,12:20:45,12:21:40,12:23:20,12:24:00,12:25:15,12:25:55,12:27:40,12:28:15,,,,,,,,,,,,,,,
186,,,,,,,,,,,11:54:25,11:55:25,11:57:20,11:57:50,11:59:35,12:00:20,12:01:45,12:02:20,12:03:40,12:04:10,12:05:40,12:06:30,12:07:55,12:08:30,12:09:45,12:10:15,12:11:45,12:12:15,12:14:00,12:14:50,12:16:20,12:16:55,12:18:25,12:18:55,12:20:30,12:21:25,12:23:25,12:24:00,12:25:45,12:26:40,12:28:20,12:29:00,12:30:15,12:30:55,12:32:40,12:33:15,,,,,,,,,,,,,,,
188,11:42:25,11:42:55,11:45:00,11:45:45,11:47:40,11:48:15,11:51:10,11:51:35,11:53:25,11:54:05,11:59:30,12:00:20,12:02:15,12:02:45,12:04:30,12:05:15,12:06:40,12:07:15,12:08:35,12:09:05,12:10:35,12:11:25,12:12:50,12:13:25,12:14:40,12:15:10,12:16:40,12:17:10,12:18:55,12:19:45,12:21:15,12:21:50,12:23:20,12:23:50,12:25:25,12:26:20,12:28:20,12:28:55,12:30:40,12:31:35,12:33:15,12:33:55,12:35:10,12:35:50,12:37:35,12:38:10,,,,,,,,,,,,,,,
190,,,,,,,,,,,12:04:35,12:05:25,12:07:20,12:07:50,12:09:35,12:10:20,12:11:45,12:12:20,12:13:40,12:14:10,12:15:40,12:16:30,12:17:55,12:18:30,12:19:45,12:20:15,12:21:45,12:22:15,12:24:00,12:24:50,12:26:20,12:26:55,12:28:25,12:28:55,12:30:30,12:31:25,12:33:25,12:34:00,12:35:45,12:36:40,12:38:20,12:39:00,12:40:15,12:40:55,12:42:40,12:43:15,,,,,,,,,,,,,,,
192,11:52:25,11:53:00,11:55:05,11:55:50,11:57:45,11:58:20,12:01:15,12:01:40,12:03:30,12:04:10,12:09:35,12:10:25,12:12:20,12:12:50,12:14:35,12:15:20,12:16:45,12:17:20,12:18:40,12:19:10,12:20:40,12:21:30,12:22:55,12:23:30,12:24:45,12:25:15,12:26:45,12:27:15,12:29:00,12:29:50,12:31:20,12:31:55,12:33:25,12:33:55,12:35:30,12:36:25,12:38:25,12:39:00,12:40:45,12:41:40,12:43:20,12:44:00,12:45:15,12:45:55,12:47:40,12:48:15,,,,,,,,,,,,,,,
194,,,,,,,,,,,12:14:35,12:15:25,12:17:20,12:17:50,12:19:35,12:20:20,12:21:45,12:22:20,12:23:40,12:24:10,12:25:40,12:26:30,12:27:55,12:28:30,12:29:45,12:30:15,12:31:45,12:32:15,12:34:00,12:34:50,12:36:20,12:36:55,12:38:25,12:38:55,12:40:30,12:41:25,12:43:25,12:44:00,12:45:45,12:46:40,12:48:20,12:49:00,12:50:15,12:50:55,12:52:40,12:53:15,,,,,,,,,,,,,,,
196,12:02:30,12:03:00,12:05:05,12:05:50,12:07:45,12:08:20,12:11:15,12:11:40,12:13:30,12:14:10,12:19:35,12:20:25,12:22:20,12:22:50,12:24:35,12:25:20,12:26:45,12:27:20,12:28:40,12:29:10,12:30:40,12:31:30,12:32:55,12:33:30,12:34:45,12:35:15,12:36:45,12:37:15,12:39:00,12:39:50,12:41:20,12:41:55,12:43:25,12:43:55,12:45:30,12:46:25,12:48:25,12:49:00,12:50:45,12:51:40,12:53:20,12:54:00,12:55:15,12:55:55,12:57:40,12:58:15,,,,,,,,,,,,,,,
198,,,,,,,,,,,12:24:35,12:25:30,12:27:25,12:27:55,12:29:40,12:30:25,12:31:50,12:32:25,12:33:45,12:34:15,12:35:45,12:36:35,12:38:00,12:38:35,12:39:50,12:40:20,12:41:50,12:42:20,12:44:05,12:44:55,12:46:25,12:47:00,12:48:30,12:49:00,12:50:35,12:51:30,12:53:30,12:54:05,12:55:50,12:56:45,12:58:25,12:59:05,13:00:20,13:01:00,13:02:45,13:03:20,,,,,,,,,,,,,,,
200,12:12:25,12:13:00,12:15:05,12:15:50,12:17:45,12:18:20,12:21:15,12:21:40,12:23:30,12:24:10,12:29:35,12:30:25,12:32:20,12:32:50,12:34:35,12:35:20,12:36:45,12:37:20,12:38:40,12:39:10,12:40:40,12:41:30,12:42:55,12:43:30,12:44:45,12:45:15,12:46:45,12:47:15,12:49:00,12:49:50,12:51:20,12:51:55,12:53:25,12:53:55,12:55:30,12:56:25,12:58:25,12:59:00,13:00:45,13:01:40,13:03:20,13:04:00,13:05:15,13:05:55,13:07:40,13:08:15,,,,,,,,,,,,,,,
202,,,,,,,,,,,12:34:30,12:35:30,12:37:25,12:37:55,12:39:40,12:40:25,12:41:50,12:42:25,12:43:45,12:44:15,12:45:45,12:46:35,12:48:00,12:48:35,12:49:50,12:50:20,12:51:50,12:52:20,12:54:05,12:54:55,12:56:25,12:57:00,12:58:30,12:59:00,13:00:35,13:01:30,13:03:30,13:04:05,13:05:50,13:06:45,13:08:25,13:09:05,13:10:20,13:11:00,13:12:45,13:13:20,,,,,,,,,,,,,,,
204,12:22:30,12:23:00,12:25:05,12:25:50,12:27:45,12:28:20,12:31:15,12:31:40,12:33:30,12:34:10,12:39:35,12:40:25,12:42:20,12:42:50,12:44:35,12:45:20,12:46:45,12:47:20,12:48:40,12:49:10,12:50:40,12:51:30,12:52:55,12:53:30,12:54:45,12:55:15,12:56:45,12:57:15,12:59:00,12:59:50,13:01:20,13:01:55,13:03:25,13:03:55,13:05:30,13:06:25,13:08:25,13:09:00,13:10:45,13:11:40,13:13:20,13:14:00,13:15:15,13:15:55,13:17:40,13:18:15,,,,,,,,,,,,,,,
206,,,,,,,,,,,12:44:40,12:45:30,12:47:25,12:47:55,12:49:40,12:50:25,12:51:50,12:52:25,12:53:45,12:54:15,12:55:45,12:56:35,12:58:00,12:58:35,12:59:50,13:00:20,13:01:50,13:02:20,13:04:05,13:04:55,13:06:25,13:07:00,13:08:30,13:09:00,13:10:35,13:11:30,13:13:30,13:14:05,13:15:50,13:16:45,13:18:25,13:19:05,13:20:20,13:21:00,13:22:45,13:23:20,,,,,,,,,,,,,,,
208,12:32:25,12:33:00,12:35:05,12:35:50,12:37:45,12:38:20,12:41:15,12:41:40,12:43:30,12:44:10,12:49:35,12:50:25,12:52:20,12:52:50,12:54:35,12:55:20,12:56:45,12:57:20,12:58:40,12:59:10,13:00:40,13:01:30,13:02:55,13:03:30,13:04:45,13:05:15,13:06:45,13:07:15,13:09:00,13:09:50,13:11:20,13:11:55,13:13:25,13:13:55,13:15:30,13:16:25,13:18:25,13:19:00,13:20:45,13:21:40,13:23:20,13:24:00,13:25:15,13:25:55,13:27:40,13:28:15,,,,,,,,,,,,,,,
210,,,,,,,,,,,12:54:35,12:55:30,12:57:25,12:57:55,12:59:40,13:00:25,13:01:50,13:02:25,13:03:45,13:04:15,13:05:45,13:06:35,13:08:00,13:08:35,13:09:50,13:10:20,13:11:50,13:12:20,13:14:05,13:14:55,13:16:25,13:17:00,13:18:30,13:19:00,13:20:35,13:21:30,13:23:30,13:24:05,13:25:50,13:26:45,13:28:25,13:29:05,13:30:20,13:31:00,13:32:45,13:33:20,,,,,,,,,,,,,,,
212,12:42:25,12:43:00,12:45:05,12:45:50,12:47:45,12:48:20,12:51:15,12:51:40,12:53:30,12:54:10,12:59:35,13:00:25,13:02:20,13:02:50,13:04:35,13:05:20,13:06:45,13:07:20,13:08:40,13:09:10,13:10:40,13:11:30,13:12:55,13:13:30,13:14:45,13:15:15,13:16:45,13:17:15,13:19:00,13:19:50,13:21:20,13:21:55,13:23:25,13:23:55,13:25:30,13:26:25,13:28:25,13:29:00,13:30:45,13:31:40,13:33:20,13:34:00,13:35:15,13:35:55,13:37:40,13:38:15,,,,,,,,,,,,,,,
214,,,,,,,,,,,13:04:30,13:05:30,13:07:25,13:07:55,13:09:40,13:10:25,13:11:50,13:12:25,13:13:45,13:14:15,13:15:45,13:16:35,13:18:00,13:18:35,13:19:50,13:20:20,13:21:50,13:22:20,13:24:05,13:24:55,13:26:25,13:27:00,13:28:30,13:29:00,13:30:35,13:31:30,13:33:30,13:34:05,13:35:50,13:36:45,13:38:25,13:39:05,13:40:20,13:41:00,13:42:45,13:43:20,,,,,,,,,,,,,,,
216,12:52:25,12:52:55,12:55:00,12:55:45,12:57:40,12:58:15,13:01:10,13:01:35,13:03:25,13:04:05,13:09:30,13:10:20,13:12:15,13:12:45,13:14:30,13:15:15,13:16:40,13:17:15,13:18:35,13:19:05,13:20:35,13:21:25,13:22:50,13:23:25,13:24:40,13:25:10,13:26:40,13:27:10,13:28:55,13:29:45,13:31:15,13:31:50,13:33:20,13:33:50,13:35:25,13:36:20,13:38:20,13:38:55,13:40:40,13:41:35,13:43:15,13:43:55,13:45:10,13:45:50,13:47:35,13:48:10,,,,,,,,,,,,,,,
218,,,,,,,,,,,13:14:35,13:15:25,13:17:20,13:17:50,13:19:35,13:20:20,13:21:45,13:22:20,13:23:40,13:24:10,13:25:40,13:26:30,13:27:55,13:28:30,13:29:45,13:30:15,13:31:45,13:32:15,13:34:00,13:34:50,13:36:20,13:36:55,13:38:25,13:38:55,13:40:30,13:41:25,13:43:25,13:44:00,13:45:45,13:46:40,13:48:20,13:49:00,13:50:15,13:50:55,13:52:40,13:53:15,,,,,,,,,,,,,,,
220,13:02:25,13:03:00,13:05:05,13:05:50,13:07:45,13:08:20,13:11:15,13:11:40,13:13:30,13:14:10,13:19:35,13:20:25,13:22:20,13:22:50,13:24:35,13:25:20,13:26:45,13:27:20,13:28:40,13:29:10,13:30:40,13:31:30,13:32:55,13:33:30,13:34:45,13:35:15,13:36:45,13:37:15,13:39:00,13:39:50,13:41:20,13:41:55,13:43:25,13:43:55,13:45:30,13:46:25,13:48:25,13:49:00,13:50:45,13:51:40,13:53:20,13:54:00,13:55:15,13:55:55,13:57:40,13:58:15,,,,,,,,,,,,,,,
222,,,,,,,,,,,13:24:35,13:25:25,13:27:20,13:27:50,13:29:35,13:30:20,13:31:45,13:32:20,13:33:40,13:34:10,13:35:40,13:36:30,13:37:55,13:38:30,13:39:45,13:40:15,13:41:45,13:42:15,13:44:00,13:44:50,13:46:20,13:46:55,13:48:25,13:48:55,13:50:30,13:51:25,13:53:25,13:54:00,13:55:45,13:56:40,13:58:20,13:59:00,14:00:15,14:00:55,14:02:40,14:03:15,,,,,,,,,,,,,,,
224,13:12:30,13:13:00,13:15:05,13:15:50,13:17:45,13:18:20,13:21:15,13:21:40,13:23:30,13:24:10,13:29:35,13:30:25,13:32:20,13:32:50,13:34:35,13:35:20,13:36:45,13:37:20,13:38:40,13:39:10,13:40:40,13:41:30,13:42:55,13:43:30,13:44:45,13:45:15,13:46:45,13:47:15,13:49:00,13:49:50,13:51:20,13:51:55,13:53:25,13:53:55,13:55:30,13:56:25,13:58:25,13:59:00,14:00:45,14:01:40,14:03:20,14:04:00,14:05:15,14:05:55,14:07:40,14:08:15,,,,,,,,,,,,,,,
226,,,,,,,,,,,13:34:35,13:35:30,13:37:25,13:37:55,13:39:40,13:40:25,13:41:50,13:42:25,13:43:45,13:44:15,13:45:45,13:46:35,13:48:00,13:48:35,13:49:50,13:50:20,13:51:50,13:52:20,13:54:05,13:54:55,13:56:25,13:57:00,13:58:30,13:59:00,14:00:35,14:01:30,14:03:30,14:04:05,14:05:50,14:06:45,14:08:25,14:09:05,14:10:20,14:11:00,14:12:45,14:13:20,,,,,,,,,,,,,,,
228,13:22:20,13:23:00,13:25:05,13:25:50,13:27:45,13:28:20,13:31:15,13:31:40,13:33:30,13:34:10,13:39:35,13:40:25,13:42:20,13:42:50,13:44:35,13:45:20,13:46:45,13:47:20,13:48:40,13:49:10,13:50:40,13:51:30,13:52:55,13:53:30,13:54:45,13:55:15,13:56:45,13:57:15,13:59:00,13:59:50,14:01:20,14:01:55,14:03:25,14:03:55,14:05:30,14:06:25,14:08:25,14:09:00,14:10:45,14:11:40,14:13:20,14:14:00,14:15:15,14:15:55,14:17:40,14:18:15,,,,,,,,,,,,,,,
230,,,,,,,,,,,13:44:35,13:45:25,13:47:20,13:47:50,13:49:35,13:50:20,13:51:45,13:52:20,13:53:40,13:54:10,13:55:40,13:56:30,13:57:55,13:58:30,13:59:45,14:00:15,14:01:45,14:02:15,14:04:00,14:04:50,14:06:20,14:06:55,14:08:25,14:08:55,14:10:30,14:11:25,14:13:25,14:14:00,14:15:45,14:16:40,14:18:20,14:19:00,14:20:15,14:20:55,14:22:40,14:23:15,,,,,,,,,,,,,,,
232,13:32:25,13:33:00,13:35:05,13:35:50,13:37:45,13:38:20,13:41:15,13:41:40,13:43:30,13:44:10,13:49:35,13:50:25,13:52:20,13:52:50,13:54:35,13:55:20,13:56:45,13:57:20,13:58:40,13:59:10,14:00:40,14:01:30,14:02:55,14:03:30,14:04:45,14:05:15,14:06:45,14:07:15,14:09:00,14:09:50,14:11:20,14:11:55,14:13:25,14:13:55,14:15:30,14:16:25,14:18:25,14:19:00,14:20:45,14:21:40,14:23:20,14:24:00,14:25:15,14:25:55,14:27:40,14:28:15,,,,,,,,,,,,,,,
234,,,,,,,,,,,13:54:25,13:55:25,13:57:20,13:57:50,13:59:35,14:00:20,14:01:45,14:02:20,14:03:40,14:04:10,14:05:40,14:06:30,14:07:55,14:08:30,14:09:45,14:10:15,14:11:45,14:12:15,14:14:00,14:14:50,14:16:20,14:16:55,14:18:25,14:18:55,14:20:30,14:21:25,14:23:25,14:24:00,14:25:45,14:26:40,14:28:20,14:29:00,14:30:15,14:30:55,14:32:40,14:33:15,,,,,,,,,,,,,,,
236,13:42:25,13:43:00,13:45:05,13:45:50,13:47:45,13:48:20,13:51:15,13:51:40,13:53:30,13:54:10,13:59:35,14:00:25,14:02:20,14:02:50,14:04:35,14:05:20,14:06:45,14:07:20,14:08:40,14:09:10,14:10:40,14:11:30,14:12:55,14:13:30,14:14:45,14:15:15,14:16:45,14:17:15,14:19:00,14:19:50,14:21:20,14:21:55,14:23:25,14:23:55,14:25:30,14:26:25,14:28:25,14:29:00,14:30:45,14:31:40,14:33:20,14:34:00,14:35:15,14:35:55,14:37:40,14:38:15,,,,,,,,,,,,,,,
238,,,,,,,,,,,14:04:35,14:05:25,14:07:20,14:07:50,14:09:35,14:10:20,14:11:45,14:12:20,14:13:40,14:14:10,14:15:40,14:16:30,14:17:55,14:18:30,14:19:45,14:20:15,14:21:45,14:22:15,14:24:00,14:24:50,14:26:20,14:26:55,14:28:25,14:28:55,14:30:30,14:31:25,14:33:25,14:34:00,14:35:45,14:36:40,14:38:20,14:39:00,14:40:15,14:40:55,14:42:40,14:43:15,,,,,,,,,,,,,,,
240,13:52:25,13:53:00,13:55:05,13:55:50,13:57:45,13:58:20,14:01:15,14:01:40,14:03:30,14:04:10,14:09:35,14:10:25,14:12:20,14:12:50,14:14:35,14:15:20,14:16:45,14:17:20,14:18:40,14:19:10,14:20:40,14:21:30,14:22:55,14:23:30,14:24:45,14:25:15,14:26:45,14:27:15,14:29:00,14:29:50,14:31:20,14:31:55,14:33:25,14:33:55,14:35:30,14:36:25,14:38:25,14:39:00,14:40:45,14:41:40,14:43:20,14:44:00,14:45:15,14:45:55,14:47:40,14:48:15,,,,,,,,,,,,,,,
242,,,,,,,,,,,14:14:35,14:15:25,14:17:20,14:17:50,14:19:35,14:20:20,14:21:45,14:22:20,14:23:40,14:24:10,14:25:40,14:26:30,14:27:55,14:28:30,14:29:45,14:30:15,14:31:45,14:32:15,14:34:00,14:34:50,14:36:20,14:36:55,14:38:25,14:38:55,14:40:30,14:41:25,14:43:25,14:44:00,14:45:45,14:46:40,14:48:20,14:49:00,14:50:15,14:50:55,14:52:40,14:53:15,,,,,,,,,,,,,,,
244,14:02:25,14:03:00,14:05:05,14:05:50,14:07:45,14:08:20,14:11:15,14:11:40,14:13:30,14:14:10,14:19:35,14:20:25,14:22:20,14:22:50,14:24:35,14:25:20,14:26:45,14:27:20,14:28:40,14:29:10,14:30:40,14:31:30,14:32:55,14:33:30,14:34:45,14:35:15,14:36:45,14:37:15,14:39:00,14:39:50,14:41:20,14:41:55,14:43:25,14:43:55,14:45:30,14:46:25,14:48:25,14:49:00,14:50:45,14:51:40,14:53:20,14:54:00,14:55:15,14:55:55,14:57:40,14:58:15,,,,,,,,,,,,,,,
246,,,,,,,,,,,14:24:40,14:25:30,14:27:25,14:27:55,14:29:40,14:30:25,14:31:50,14:32:25,14:33:45,14:34:15,14:35:45,14:36:35,14:38:00,14:38:35,14:39:50,14:40:20,14:41:50,14:42:20,14:44:05,14:44:55,14:46:25,14:47:00,14:48:30,14:49:00,14:50:35,14:51:30,14:53:30,14:54:05,14:55:50,14:56:45,14:58:25,14:59:05,15:00:20,15:01:00,15:02:45,15:03:20,,,,,,,,,,,,,,,
248,14:12:30,14:13:00,14:15:05,14:15:50,14:17:45,14:18:20,14:21:15,14:21:40,14:23:30,14:24:10,14:29:35,14:30:25,14:32:20,14:32:50,14:34:35,14:35:20,14:36:45,14:37:20,14:38:40,14:39:10,14:40:40,14:41:30,14:42:55,14:43:30,14:44:45,14:45:15,14:46:45,14:47:15,14:49:00,14:49:50,14:51:20,14:51:55,14:53:25,14:53:55,14:55:30,14:56:25,14:58:25,14:59:00,15:00:45,15:01:40,15:03:20,15:04:00,15:05:15,15:05:55,15:07:40,15:08:15,,,,,,,,,,,,,,,
250,,,,,,,,,,,14:34:35,14:35:30,14:37:25,14:37:55,14:39:40,14:40:25,14:41:50,14:42:25,14:43:45,14:44:15,14:45:45,14:46:35,14:48:00,14:48:35,14:49:50,14:50:20,14:51:50,14:52:20,14:54:05,14:54:55,14:56:25,14:57:00,14:58:30,14:59:00,15:00:35,15:01:30,15:03:30,15:04:05,15:05:50,15:06:45,15:08:25,15:09:05,15:10:20,15:11:00,15:12:45,15:13:20,,,,,,,,,,,,,,,
252,14:22:30,14:23:00,14:25:05,14:25:50,14:27:45,14:28:20,14:31:15,14:31:40,14:33:30,14:34:10,14:39:35,14:40:25,14:42:20,14:42:50,14:44:35,14:45:20,14:46:45,14:47:20,14:48:40,14:49:10,14:50:40,14:51:30,14:52:55,14:53:30,14:54:45,14:55:15,14:56:45,14:57:15,14:59:00,14:59:50,15:01:20,15:01:55,15:03:25,15:03:55,15:05:30,15:06:25,15:08:25,15:09:00,15:10:45,15:11:40,15:13:20,15:14:00,15:15:15,15:15:55,15:17:40,15:18:15,,,,,,,,,,,,,,,
254,,,,,,,,,,,14:44:40,14:45:30,14:47:25,14:47:55,14:49:40,14:50:25,14:51:50,14:52:25,14:53:45,14:54:15,14:55:45,14:56:35,14:58:00,14:58:35,14:59:50,15:00:20,15:01:50,15:02:20,15:04:05,15:04:55,15:06:25,15:07:00,15:08:30,15:09:00,15:10:35,15:11:30,15:13:30,15:14:05,15:15:50,15:16:45,15:18:25,15:19:05,15:20:20,15:21:00,15:22:45,15:23:20,,,,,,,,,,,,,,,
256,14:32:30,14:33:00,14:35:05,14:35:50,14:37:45,14:38:20,14:41:15,14:41:40,14:43:30,14:44:10,14:49:35,14:50:25,14:52:20,14:52:50,14:54:35,14:55:20,14:56:45,14:57:20,14:58:40,14:59:10,15:00:40,15:01:30,15:02:55,15:03:30,15:04:45,15:05:15,15:06:45,15:07:15,15:09:00,15:09:50,15:11:20,15:11:55,15:13:25,15:13:55,15:15:30,15:16:25,15:18:25,15:19:00,15:20:45,15:21:40,15:23:20,15:24:00,15:25:15,15:25:55,15:27:40,15:28:15,,,,,,,,,,,,,,,
258,,,,,,,,,,,14:54:35,14:55:25,14:57:20,14:57:50,14:59:35,15:00:20,15:01:45,15:02:20,15:03:40,15:04:10,15:05:40,15:06:30,15:07:55,15:08:30,15:09:45,15:10:15,15:11:45,15:12:15,15:14:00,15:14:50,15:16:20,15:16:55,15:18:25,15:18:55,15:20:30,15:21:25,15:23:25,15:24:00,15:25:45,15:26:40,15:28:20,15:29:00,15:30:15,15:30:55,15:32:40,15:33:15,,,,,,,,,,,,,,,
260,14:42:30,14:43:00,14:45:05,14:45:50,14:47:45,14:48:20,14:51:15,14:51:40,14:53:30,14:54:10,14:59:35,15:00:25,15:02:20,15:02:50,15:04:35,15:05:20,15:06:45,15:07:20,15:08:40,15:09:10,15:10:40,15:11:30,15:12:55,15:13:30,15:14:45,15:15:15,15:16:45,15:17:15,15:19:00,15:19:50,15:21:20,15:21:55,15:23:25,15:23:55,15:25:30,15:26:25,15:28:25,15:29:00,15:30:45,15:31:40,15:33:20,15:34:00,15:35:15,15:35:55,15:37:40,15:38:15,,,,,,,,,,,,,,,
262,,,,,,,,,,,15:04:40,15:05:30,15:07:25,15:07:55,15:09:40,15:10:25,15:11:50,15:12:25,15:13:45,15:14:15,15:15:45,15:16:35,15:18:00,15:18:35,15:19:50,15:20:20,15:21:50,15:22:20,15:24:05,15:24:55,15:26:25,15:27:00,15:28:30,15:29:00,15:30:35,15:31:30,15:33:30,15:34:05,15:35:50,15:36:45,15:38:25,15:39:05,15:40:20,15:41:00,15:42:45,15:43:20,,,,,,,,,,,,,,,
264,14:52:25,14:53:00,14:55:05,14:55:50,14:57:45,14:58:20,15:01:15,15:01:40,15:03:30,15:04:10,15:09:35,15:10:25,15:12:20,15:12:50,15:14:35,15:15:20,15:16:45,15:17:20,15:18:40,15:19:10,15:20:40,15:21:30,15:22:55,15:23:30,15:24:45,15:25:15,15:26:45,15:27:15,15:29:00,15:29:50,15:31:20,15:31:55,15:33:25,15:33:55,15:35:30,15:36:25,15:38:25,15:39:00,15:40:45,15:41:40,15:43:20,15:44:00,15:45:15,15:45:55,15:47:40,15:48:15,,,,,,,,,,,,,,,
266,,,,,,,,,,,15:14:40,15:15:30,15:17:25,15:17:55,15:19:40,15:20:25,15:21:50,15:22:25,15:23:45,15:24:15,15:25:45,15:26:35,15:28:00,15:28:35,15:29:50,15:30:20,15:31:50,15:32:20,15:34:05,15:34:55,15:36:25,15:37:00,15:38:30,15:39:00,15:40:35,15:41:30,15:43:30,15:44:05,15:45:50,15:46:45,15:48:25,15:49:05,15:50:20,15:51:00,15:52:45,15:53:20,,,,,,,,,,,,,,,
268,15:02:30,15:03:00,15:05:05,15:05:50,15:07:45,15:08:20,15:11:15,15:11:40,15:13:30,15:14:10,15:19:35,15:20:25,15:22:20,15:22:50,15:24:35,15:25:20,15:26:45,15:27:20,15:28:40,15:29:10,15:30:40,15:31:30,15:32:55,15:33:30,15:34:45,15:35:15,15:36:45,15:37:15,15:39:00,15:39:50,15:41:20,15:41:55,15:43:25,15:43:55,15:45:30,15:46:25,15:48:25,15:49:00,15:50:45,15:51:40,15:53:20,15:54:00,15:55:15,15:55:55,15:57:40,15:58:15,,,,,,,,,,,,,,,
270,,,,,,,,,,,15:24:25,15:25:25,15:27:20,15:27:50,15:29:35,15:30:20,15:31:45,15:32:20,15:33:40,15:34:10,15:35:40,15:36:30,15:37:55,15:38:30,15:39:45,15:40:15,15:41:45,15:42:15,15:44:00,15:44:50,15:46:20,15:46:55,15:48:25,15:48:55,15:50:30,15:51:25,15:53:25,15:54:00,15:55:45,15:56:40,15:58:20,15:59:00,16:00:15,16:00:55,16:02:40,16:03:15,,,,,,,,,,,,,,,
272,15:12:25,15:13:00,15:15:05,15:15:50,15:17:45,15:18:20,15:21:15,15:21:40,15:23:30,15:24:10,15:29:35,15:30:25,15:32:20,15:32:50,15:34:35,15:35:20,15:36:45,15:37:20,15:38:40,15:39:10,15:40:40,15:41:30,15:42:55,15:43:30,15:44:45,15:45:15,15:46:45,15:47:15,15:49:00,15:49:50,15:51:20,15:51:55,15:53:25,15:53:55,15:55:30,15:56:25,15:58:25,15:59:00,16:00:45,16:01:40,16:03:20,16:04:00,16:05:15,16:05:55,16:07:40,16:08:15,,,,,,,,,,,,,,,
274,,,,,,,,,,,15:34:25,15:35:30,15:37:25,15:37:55,15:39:40,15:40:25,15:41:50,15:42:25,15:43:45,15:44:15,15:45:45,15:46:35,15:48:00,15:48:35,15:49:50,15:50:20,15:51:50,15:52:20,15:54:05,15:54:55,15:56:25,15:57:00,15:58:30,15:59:00,16:00:35,16:01:30,16:03:30,16:04:05,16:05:50,16:06:45,16:08:25,16:09:05,16:10:20,16:11:00,16:12:45,16:13:20,,,,,,,,,,,,,,,
276,15:22:30,15:23:05,15:25:10,15:25:55,15:27:50,15:28:25,15:31:20,15:31:45,15:33:35,15:34:15,15:39:40,15:40:30,15:42:25,15:42:55,15:44:40,15:45:25,15:46:50,15:47:25,15:48:45,15:49:15,15:50:45,15:51:35,15:53:00,15:53:35,15:54:50,15:55:20,15:56:50,15:57:20,15:59:05,15:59:55,16:01:25,16:02:00,16:03:30,16:04:00,16:05:35,16:06:30,16:08:30,16:09:05,16:10:50,16:11:45,16:13:25,16:14:05,16:15:20,16:16:00,16:17:45,16:18:20,,,,,,,,,,,,,,,
278,,,,,,,,,,,15:43:40,15:44:30,15:46:25,15:46:55,15:48:40,15:49:25,15:50:50,15:51:25,15:52:45,15:53:15,15:54:45,15:55:35,15:57:00,15:57:35,15:58:50,15:59:20,16:00:50,16:01:20,16:03:05,16:03:55,16:05:25,16:06:00,16:07:30,16:08:00,16:09:35,16:10:30,16:12:30,16:13:05,16:14:50,16:15:45,16:17:25,16:18:05,16:19:20,16:20:00,16:21:45,16:22:20,,,,,,,,,,,,,,,
280,,,,,,,,,,,,,,,,,,,,,,,,,,,16:04:15,16:04:50,16:06:35,16:07:25,16:08:55,16:09:30,16:11:00,16:11:30,16:13:05,16:14:00,16:16:00,16:16:35,16:18:20,16:19:15,16:20:55,16:21:35,16:22:50,16:23:30,16:25:15,16:25:50,,,,,,,,,,,,,,,
282,15:33:25,15:34:00,15:36:05,15:36:50,15:38:45,15:39:20,15:42:15,15:42:40,15:44:30,15:45:10,15:50:35,15:51:25,15:53:20,15:53:50,15:55:35,15:56:20,15:57:45,15:58:20,15:59:40,16:00:10,16:01:40,16:02:30,16:03:55,16:04:30,16:05:45,16:06:15,16:07:45,16:08:15,16:10:00,16:10:50,16:12:20,16:12:55,16:14:25,16:14:55,16:16:30,16:17:25,16:19:25,16:20:00,16:21:45,16:22:40,16:24:20,16:25:00,16:26:15,16:26:55,16:28:40,16:29:15,,,,,,,,,,,,,,,
284,,,,,,,,,,,15:54:00,15:55:00,15:56:55,15:57:25,15:59:10,15:59:55,16:01:20,16:01:55,16:03:15,16:03:45,16:05:15,16:06:05,16:07:30,16:08:05,16:09:20,16:09:50,16:11:20,16:11:50,16:13:35,16:14:25,16:15:55,16:16:30,16:18:00,16:18:30,16:20:05,16:21:00,16:23:00,16:23:35,16:25:20,16:26:15,16:27:55,16:28:35,16:29:50,16:30:30,16:32:15,16:32:50,,,,,,,,,,,,,,,
286,,,,,,,,,,,,,,,,,,,,,,,,,,,16:14:10,16:14:45,16:16:30,16:17:20,16:18:50,16:19:25,16:20:55,16:21:25,16:23:00,16:23:55,16:25:55,16:26:30,16:28:15,16:29:10,16:30:50,16:31:30,16:32:45,16:33:25,16:35:10,16:35:45,,,,,,,,,,,,,,,
288,15:43:30,15:44:00,15:46:05,15:46:50,15:48:45,15:49:20,15:52:15,15:52:40,15:54:30,15:55:10,16:00:35,16:01:25,16:03:20,16:03:50,16:05:35,16:06:20,16:07:45,16:08:20,16:09:40,16:10:10,16:11:40,16:12:30,16:13:55,16:14:30,16:15:45,16:16:15,16:17:45,16:18:15,16:20:00,16:20:50,16:22:20,16:22:55,16:24:25,16:24:55,16:26:30,16:27:25,16:29:25,16:30:00,16:31:45,16:32:40,16:34:20,16:35:00,16:36:15,16:36:55,16:38:40,16:39:15,,,,,,,,,,,,,,,
290,,,,,,,,,,,16:04:35,16:05:30,16:07:25,16:07:55,16:09:40,16:10:25,16:11:50,16:12:25,16:13:45,16:14:15,16:15:45,16:16:35,16:18:00,16:18:35,16:19:50,16:20:20,16:21:50,16:22:20,16:24:05,16:24:55,16:26:25,16:27:00,16:28:30,16:29:00,16:30:35,16:31:30,16:33:30,16:34:05,16:35:50,16:36:45,16:38:25,16:39:05,16:40:20,16:41:00,16:42:45,16:43:20,,,,,,,,,,,,,,,
292,15:51:25,15:52:00,15:54:05,15:54:50,15:56:45,15:57:20,16:00:15,16:00:40,16:02:30,16:03:10,16:08:35,16:09:25,16:11:20,16:11:50,16:13:35,16:14:20,16:15:45,16:16:20,16:17:40,16:18:10,16:19:40,16:20:30,16:21:55,16:22:30,16:23:45,16:24:15,16:25:45,16:26:15,16:28:00,16:28:50,16:30:20,16:30:55,16:32:25,16:32:55,16:34:30,16:35:25,16:37:25,16:38:00,16:39:45,16:40:40,16:42:20,16:43:00,16:44:15,16:44:55,16:46:40,16:47:15,,,,,,,,,,,,,,,
294,,,,,,,,,,,,,,,,,,,,,,,,,,,16:29:20,16:29:45,16:31:30,16:32:20,16:33:50,16:34:25,16:35:55,16:36:25,16:38:00,16:38:55,16:40:55,16:41:30,16:43:15,16:44:10,16:45:50,16:46:30,16:47:45,16:48:25,16:50:10,16:50:45,,,,,,,,,,,,,,,
296,,,,,,,,,,,16:15:40,16:16:30,16:18:25,16:18:55,16:20:40,16:21:25,16:22:50,16:23:25,16:24:45,16:25:15,16:26:45,16:27:35,16:29:00,16:29:35,16:30:50,16:31:20,16:32:50,16:33:20,16:35:05,16:35:55,16:37:25,16:38:00,16:39:30,16:40:00,16:41:35,16:42:30,16:44:30,16:45:05,16:46:50,16:47:45,16:49:25,16:50:05,16:51:20,16:52:00,16:53:45,16:54:20,,,,,,,,,,,,,,,
298,16:02:15,16:02:50,16:04:55,16:05:40,16:07:35,16:08:10,16:11:05,16:11:30,16:13:20,16:14:00,16:19:25,16:20:15,16:22:10,16:22:40,16:24:25,16:25:10,16:26:35,16:27:10,16:28:30,16:29:00,16:30:30,16:31:20,16:32:45,16:33:20,16:34:35,16:35:05,16:36:35,16:37:05,16:38:50,16:39:40,16:41:10,16:41:45,16:43:15,16:43:45,16:45:20,16:46:15,16:48:15,16:48:50,16:50:35,16:51:30,16:53:10,16:53:50,16:55:05,16:55:45,16:57:30,16:58:05,,,,,,,,,,,,,,,
300,16:05:40,16:06:10,16:08:15,16:09:00,16:10:55,16:11:30,16:14:25,16:14:50,16:16:40,16:17:20,16:22:45,16:23:35,16:25:30,16:26:00,16:27:45,16:28:30,16:29:55,16:30:30,16:31:50,16:32:20,16:33:50,16:34:40,16:36:05,16:36:40,16:37:55,16:38:25,16:39:55,16:40:25,16:42:10,16:43:00,16:44:30,16:45:05,16:46:35,16:47:05,16:48:40,16:49:35,16:51:35,16:52:10,16:53:55,16:54:50,16:56:30,16:57:10,16:58:25,16:59:05,17:00:50,17:01:25,,,,,,,,,,,,,,,
302,,,,,,,,,,,16:26:00,16:27:00,16:28:55,16:29:25,16:31:10,16:31:55,16:33:20,16:33:55,16:35:15,16:35:45,16:37:15,16:38:05,16:39:30,16:40:05,16:41:20,16:41:50,16:43:20,16:43:50,16:45:35,16:46:25,16:47:55,16:48:30,16:50:00,16:50:30,16:52:05,16:53:00,16:55:00,16:55:35,16:57:20,16:58:15,16:59:55,17:00:35,17:01:50,17:02:30,17:04:15,17:04:50,,,,,,,,,,,,,,,
304,16:12:05,16:13:00,16:15:05,16:15:50,16:17:45,16:18:20,16:21:15,16:21:40,16:23:30,16:24:10,16:29:35,16:30:25,16:32:20,16:32:50,16:34:35,16:35:20,16:36:45,16:37:20,16:38:40,16:39:10,16:40:40,16:41:30,16:42:55,16:43:30,16:44:45,16:45:15,16:46:45,16:47:15,16:49:00,16:49:50,16:51:20,16:51:55,16:53:25,16:53:55,16:55:30,16:56:25,16:58:25,16:59:00,17:00:45,17:01:40,17:03:20,17:04:00,17:05:15,17:05:55,17:07:40,17:08:15,,,,,,,,,,,,,,,
306,16:15:55,16:16:30,16:18:35,16:19:20,16:21:15,16:21:50,16:24:45,16:25:10,16:27:00,16:27:40,16:33:05,16:33:55,16:35:50,16:36:20,16:38:05,16:38:50,16:40:15,16:40:50,16:42:10,16:42:40,16:44:10,16:45:00,16:46:25,16:47:00,16:48:15,16:48:45,16:50:15,16:50:45,16:52:30,16:53:20,16:54:50,16:55:25,16:56:55,16:57:25,16:59:00,16:59:55,17:01:55,17:02:30,17:04:15,17:05:10,17:06:50,17:07:30,17:08:45,17:09:25,17:11:10,17:11:45,,,,,,,,,,,,,,,
308,,,,,,,,,,,16:36:35,16:37:30,16:39:25,16:39:55,16:41:40,16:42:25,16:43:50,16:44:25,16:45:45,16:46:15,16:47:45,16:48:35,16:50:00,16:50:35,16:51:50,16:52:20,16:53:50,16:54:20,16:56:05,16:56:55,16:58:25,16:59:00,17:00:30,17:01:00,17:02:35,17:03:30,17:05:30,17:06:05,17:07:50,17:08:45,17:10:25,17:11:05,17:12:20,17:13:00,17:14:45,17:15:20,,,,,,,,,,,,,,,
310,16:23:30,16:24:00,16:26:05,16:26:50,16:28:45,16:29:20,16:32:15,16:32:40,16:34:30,16:35:10,16:40:35,16:41:25,16:43:20,16:43:50,16:45:35,16:46:20,16:47:45,16:48:20,16:49:40,16:50:10,16:51:40,16:52:30,16:53:55,16:54:30,16:55:45,16:56:15,16:57:45,16:58:15,17:00:00,17:00:50,17:02:20,17:02:55,17:04:25,17:04:55,17:06:30,17:07:25,17:09:25,17:10:00,17:11:45,17:12:40,17:14:20,17:15:00,17:16:15,17:16:55,17:18:40,17:19:15,,,,,,,,,,,,,,,
312,16:27:30,16:28:00,16:30:05,16:30:50,16:32:45,16:33:20,16:36:15,16:36:40,16:38:30,16:39:10,16:44:35,16:45:25,16:47:20,16:47:50,16:49:35,16:50:20,16:51:45,16:52:20,16:53:40,16:54:10,16:55:40,16:56:30,16:57:55,16:58:30,16:59:45,17:00:15,17:01:45,17:02:15,17:04:00,17:04:50,17:06:20,17:06:55,17:08:25,17:08:55,17:10:30,17:11:25,17:13:25,17:14:00,17:15:45,17:16:40,17:18:20,17:19:00,17:20:15,17:20:55,17:22:40,17:23:15,,,,,,,,,,,,,,,
314,,,,,,,,,,,16:48:10,16:49:00,16:50:55,16:51:25,16:53:10,16:53:55,16:55:20,16:55:55,16:57:15,16:57:45,16:59:15,17:00:05,17:01:30,17:02:05,17:03:20,17:03:50,17:05:20,17:05:50,17:07:35,17:08:25,17:09:55,17:10:30,17:12:00,17:12:30,17:14:05,17:15:00,17:17:00,17:17:35,17:19:20,17:20:15,17:21:55,17:22:35,17:23:50,17:24:30,17:26:15,17:26:50,,,,,,,,,,,,,,,
316,16:34:30,16:35:05,16:37:10,16:37:55,16:39:50,16:40:25,16:43:20,16:43:45,16:45:35,16:46:15,16:51:40,16:52:30,16:54:25,16:54:55,16:56:40,16:57:25,16:58:50,16:59:25,17:00:45,17:01:15,17:02:45,17:03:35,17:05:00,17:05:35,17:06:50,17:07:20,17:08:50,17:09:20,17:11:05,17:11:55,17:13:25,17:14:00,17:15:30,17:16:00,17:17:35,17:18:30,17:20:30,17:21:05,17:22:50,17:23:45,17:25:25,17:26:05,17:27:20,17:28:00,17:29:45,17:30:20,,,,,,,,,,,,,,,
318,,,,,,,,,,,16:55:00,16:56:00,16:57:55,16:58:25,17:00:10,17:00:55,17:02:20,17:02:55,17:04:15,17:04:45,17:06:15,17:07:05,17:08:30,17:09:05,17:10:20,17:10:50,17:12:20,17:12:50,17:14:35,17:15:25,17:16:55,17:17:30,17:19:00,17:19:30,17:21:05,17:22:00,17:24:00,17:24:35,17:26:20,17:27:15,17:28:55,17:29:35,17:30:50,17:31:30,17:33:15,17:33:50,,,,,,,,,,,,,,,
320,16:41:15,16:42:00,16:44:05,16:44:50,16:46:45,16:47:20,16:50:15,16:50:40,16:52:30,16:53:10,16:58:35,16:59:25,17:01:20,17:01:50,17:03:35,17:04:20,17:05:45,17:06:20,17:07:40,17:08:10,17:09:40,17:10:30,17:11:55,17:12:30,17:13:45,17:14:15,17:15:45,17:16:15,17:18:00,17:18:50,17:20:20,17:20:55,17:22:25,17:22:55,17:24:30,17:25:25,17:27:25,17:28:00,17:29:45,17:30:40,17:32:20,17:33:00,17:34:15,17:34:55,17:36:40,17:37:15,,,,,,,,,,,,,,,
322,,,,,,,,,,,17:02:00,17:03:00,17:04:55,17:05:25,17:07:10,17:07:55,17:09:20,17:09:55,17:11:15,17:11:45,17:13:15,17:14:05,17:15:30,17:16:05,17:17:20,17:17:50,17:19:20,17:19:50,17:21:35,17:22:25,17:23:55,17:24:30,17:26:00,17:26:30,17:28:05,17:29:00,17:31:00,17:31:35,17:33:20,17:34:15,17:35:55,17:36:35,17:37:50,17:38:30,17:40:15,17:40:50,,,,,,,,,,,,,,,
324,16:48:30,16:49:05,16:51:10,16:51:55,16:53:50,16:54:25,16:57:20,16:57:45,16:59:35,17:00:15,17:05:40,17:06:30,17:08:25,17:08:55,17:10:40,17:11:25,17:12:50,17:13:25,17:14:45,17:15:15,17:16:45,17:17:35,17:19:00,17:19:35,17:20:50,17:21:20,17:22:50,17:23:20,17:25:05,17:25:55,17:27:25,17:28:00,17:29:30,17:30:00,17:31:35,17:32:30,17:34:30,17:35:05,17:36:50,17:37:45,17:39:25,17:40:05,17:41:20,17:42:00,17:43:45,17:44:20,,,,,,,,,,,,,,,
326,16:51:55,16:52:30,16:54:35,16:55:20,16:57:15,16:57:50,17:00:45,17:01:10,17:03:00,17:03:40,17:09:05,17:09:55,17:11:50,17:12:20,17:14:05,17:14:50,17:16:15,17:16:50,17:18:10,17:18:40,17:20:10,17:21:00,17:22:25,17:23:00,17:24:15,17:24:45,17:26:15,17:26:45,17:28:30,17:29:20,17:30:50,17:31:25,17:32:55,17:33:25,17:35:00,17:35:55,17:37:55,17:38:30,17:40:15,17:41:10,17:42:50,17:43:30,17:44:45,17:45:25,17:47:10,17:47:45,,,,,,,,,,,,,,,
328,16:55:30,16:56:00,16:58:05,16:58:50,17:00:45,17:01:20,17:04:15,17:04:40,17:06:30,17:07:10,17:12:35,17:13:25,17:15:20,17:15:50,17:17:35,17:18:20,17:19:45,17:20:20,17:21:40,17:22:10,17:23:40,17:24:30,17:25:55,17:26:30,17:27:45,17:28:15,17:29:45,17:30:15,17:32:00,17:32:50,17:34:20,17:34:55,17:36:25,17:36:55,17:38:30,17:39:25,17:41:25,17:42:00,17:43:45,17:44:40,17:46:20,17:47:00,17:48:15,17:48:55,17:50:40,17:51:15,,,,,,,,,,,,,,,
330,,,,,,,,,,,17:16:00,17:16:55,17:18:50,17:19:20,17:21:05,17:21:50,17:23:15,17:23:50,17:25:10,17:25:40,17:27:10,17:28:00,17:29:25,17:30:00,17:31:15,17:31:45,17:33:15,17:33:45,17:35:30,17:36:20,17:37:50,17:38:25,17:39:55,17:40:25,17:42:00,17:42:55,17:44:55,17:45:30,17:47:15,17:48:10,17:49:50,17:50:30,17:51:45,17:52:25,17:54:10,17:54:45,,,,,,,,,,,,,,,
332,17:02:30,17:03:00,17:05:05,17:05:50,17:07:45,17:08:20,17:11:15,17:11:40,17:13:30,17:14:10,17:19:35,17:20:25,17:22:20,17:22:50,17:24:35,17:25:20,17:26:45,17:27:20,17:28:40,17:29:10,17:30:40,17:31:30,17:32:55,17:33:30,17:34:45,17:35:15,17:36:45,17:37:15,17:39:00,17:39:50,17:41:20,17:41:55,17:43:25,17:43:55,17:45:30,17:46:25,17:48:25,17:49:00,17:50:45,17:51:40,17:53:20,17:54:00,17:55:15,17:55:55,17:57:40,17:58:15,,,,,,,,,,,,,,,
334,,,,,,,,,,,17:23:10,17:24:00,17:25:55,17:26:25,17:28:10,17:28:55,17:30:20,17:30:55,17:32:15,17:32:45,17:34:15,17:35:05,17:36:30,17:37:05,17:38:20,17:38:50,17:40:20,17:40:50,17:42:35,17:43:25,17:44:55,17:45:30,17:47:00,17:47:30,17:49:05,17:50:00,17:52:00,17:52:35,17:54:20,17:55:15,17:56:55,17:57:35,17:58:50,17:59:30,18:01:15,18:01:50,,,,,,,,,,,,,,,
336,17:09:30,17:10:00,17:12:05,17:12:50,17:14:45,17:15:20,17:18:15,17:18:40,17:20:30,17:21:10,17:26:35,17:27:25,17:29:20,17:29:50,17:31:35,17:32:20,17:33:45,17:34:20,17:35:40,17:36:10,17:37:40,17:38:30,17:39:55,17:40:30,17:41:45,17:42:15,17:43:45,17:44:15,17:46:00,17:46:50,17:48:20,17:48:55,17:50:25,17:50:55,17:52:30,17:53:25,17:55:25,17:56:00,17:57:45,17:58:40,18:00:20,18:01:00,18:02:15,18:02:55,18:04:40,18:05:15,,,,,,,,,,,,,,,
338,,,,,,,,,,,17:30:00,17:31:00,17:32:55,17:33:25,17:35:10,17:35:55,17:37:20,17:37:55,17:39:15,17:39:45,17:41:15,17:42:05,17:43:30,17:44:05,17:45:20,17:45:50,17:47:20,17:47:50,17:49:35,17:50:25,17:51:55,17:52:30,17:54:00,17:54:30,17:56:05,17:57:00,17:59:00,17:59:35,18:01:20,18:02:15,18:03:55,18:04:35,18:05:50,18:06:30,18:08:15,18:08:50,,,,,,,,,,,,,,,
340,17:16:30,17:17:00,17:19:05,17:19:50,17:21:45,17:22:20,17:25:15,17:25:40,17:27:30,17:28:10,17:33:35,17:34:25,17:36:20,17:36:50,17:38:35,17:39:20,17:40:45,17:41:20,17:42:40,17:43:10,17:44:40,17:45:30,17:46:55,17:47:30,17:48:45,17:49:15,17:50:45,17:51:15,17:53:00,17:53:50,17:55:20,17:55:55,17:57:25,17:57:55,17:59:30,18:00:25,18:02:25,18:03:00,18:04:45,18:05:40,18:07:20,18:08:00,18:09:15,18:09:55,18:11:40,18:12:15,,,,,,,,,,,,,,,
342,,,,,,,,,,,17:37:00,17:38:00,17:39:55,17:40:25,17:42:10,17:42:55,17:44:20,17:44:55,17:46:15,17:46:45,17:48:15,17:49:05,17:50:30,17:51:05,17:52:20,17:52:50,17:54:20,17:54:50,17:56:35,17:57:25,17:58:55,17:59:30,18:01:00,18:01:30,18:03:05,18:04:00,18:06:00,18:06:35,18:08:20,18:09:15,18:10:55,18:11:35,18:12:50,18:13:30,18:15:15,18:15:50,,,,,,,,,,,,,,,
344,17:23:25,17:24:00,17:26:05,17:26:50,17:28:45,17:29:20,17:32:15,17:32:40,17:34:30,17:35:10,17:40:35,17:41:25,17:43:20,17:43:50,17:45:35,17:46:20,17:47:45,17:48:20,17:49:40,17:50:10,17:51:40,17:52:30,17:53:55,17:54:30,17:55:45,17:56:15,17:57:45,17:58:15,18:00:00,18:00:50,18:02:20,18:02:55,18:04:25,18:04:55,18:06:30,18:07:25,18:09:25,18:10:00,18:11:45,18:12:40,18:14:20,18:15:00,18:16:15,18:16:55,18:18:40,18:19:15,,,,,,,,,,,,,,,
346,,,,,,,,,,,17:44:00,17:45:00,17:46:55,17:47:25,17:49:10,17:49:55,17:51:20,17:51:55,17:53:15,17:53:45,17:55:15,17:56:05,17:57:30,17:58:05,17:59:20,17:59:50,18:01:20,18:01:50,18:03:35,18:04:25,18:05:55,18:06:30,18:08:00,18:08:30,18:10:05,18:11:00,18:13:00,18:13:35,18:15:20,18:16:15,18:17:55,18:18:35,18:19:50,18:20:30,18:22:15,18:22:50,,,,,,,,,,,,,,,
348,17:30:25,17:31:00,17:33:05,17:33:50,17:35:45,17:36:20,17:39:15,17:39:40,17:41:30,17:42:10,17:47:35,17:48:25,17:50:20,17:50:50,17:52:35,17:53:20,17:54:45,17:55:20,17:56:40,17:57:10,17:58:40,17:59:30,18:00:55,18:01:30,18:02:45,18:03:15,18:04:45,18:05:15,18:07:00,18:07:50,18:09:20,18:09:55,18:11:25,18:11:55,18:13:30,18:14:25,18:16:25,18:17:00,18:18:45,18:19:40,18:21:20,18:22:00,18:23:15,18:23:55,18:25:40,18:26:15,,,,,,,,,,,,,,,
350,,,,,,,,,,,17:51:00,17:52:00,17:53:55,17:54:25,17:56:10,17:56:55,17:58:20,17:58:55,18:00:15,18:00:45,18:02:15,18:03:05,18:04:30,18:05:05,18:06:20,18:06:50,18:08:20,18:08:50,18:10:35,18:11:25,18:12:55,18:13:30,18:15:00,18:15:30,18:17:05,18:18:00,18:20:00,18:20:35,18:22:20,18:23:15,18:24:55,18:25:35,18:26:50,18:27:30,18:29:15,18:29:50,,,,,,,,,,,,,,,
352,17:37:20,17:38:00,17:40:05,17:40:50,17:42:45,17:43:20,17:46:15,17:46:40,17:48:30,17:49:10,17:54:35,17:55:25,17:57:20,17:57:50,17:59:35,18:00:20,18:01:45,18:02:20,18:03:40,18:04:10,18:05:40,18:06:30,18:07:55,18:08:30,18:09:45,18:10:15,18:11:45,18:12:15,18:14:00,18:14:50,18:16:20,18:16:55,18:18:25,18:18:55,18:20:30,18:21:25,18:23:25,18:24:00,18:25:45,18:26:40,18:28:20,18:29:00,18:30:15,18:30:55,18:32:40,18:33:15,,,,,,,,,,,,,,,
354,,,,,,,,,,,17:58:00,17:58:55,18:00:50,18:01:20,18:03:05,18:03:50,18:05:15,18:05:50,18:07:10,18:07:40,18:09:10,18:10:00,18:11:25,18:12:00,18:13:15,18:13:45,18:15:15,18:15:45,18:17:30,18:18:20,18:19:50,18:20:25,18:21:55,18:22:25,18:24:00,18:24:55,18:26:55,18:27:30,18:29:15,18:30:10,18:31:50,18:32:30,18:33:45,18:34:25,18:36:10,18:36:45,,,,,,,,,,,,,,,
356,17:44:25,17:45:00,17:47:05,17:47:50,17:49:45,17:50:20,17:53:15,17:53:40,17:55:30,17:56:10,18:01:35,18:02:25,18:04:20,18:04:50,18:06:35,18:07:20,18:08:45,18:09:20,18:10:40,18:11:10,18:12:40,18:13:30,18:14:55,18:15:30,18:16:45,18:17:15,18:18:45,18:19:15,18:21:00,18:21:50,18:23:20,18:23:55,18:25:25,18:25:55,18:27:30,18:28:25,18:30:25,18:31:00,18:32:45,18:33:40,18:35:20,18:36:00,18:37:15,18:37:55,18:39:40,18:40:15,,,,,,,,,,,,,,,
358,,,,,,,,,,,18:05:00,18:06:00,18:07:55,18:08:25,18:10:10,18:10:55,18:12:20,18:12:55,18:14:15,18:14:45,18:16:15,18:17:05,18:18:30,18:19:05,18:20:20,18:20:50,18:22:20,18:22:50,18:24:35,18:25:25,18:26:55,18:27:30,18:29:00,18:29:30,18:31:05,18:32:00,18:34:00,18:34:35,18:36:20,18:37:15,18:38:55,18:39:35,18:40:50,18:41:30,18:43:15,18:43:50,,,,,,,,,,,,,,,
360,17:51:30,17:52:05,17:54:10,17:54:55,17:56:50,17:57:25,18:00:20,18:00:45,18:02:35,18:03:15,18:08:40,18:09:30,18:11:25,18:11:55,18:13:40,18:14:25,18:15:50,18:16:25,18:17:45,18:18:15,18:19:45,18:20:35,18:22:00,18:22:35,18:23:50,18:24:20,18:25:50,18:26:20,18:28:05,18:28:55,18:30:25,18:31:00,18:32:30,18:33:00,18:34:35,18:35:30,18:37:30,18:38:05,18:39:50,18:40:45,18:42:25,18:43:05,18:44:20,18:45:00,18:46:45,18:47:20,,,,,,,,,,,,,,,
362,,,,,,,,,,,18:12:00,18:13:00,18:14:55,18:15:25,18:17:10,18:17:55,18:19:20,18:19:55,18:21:15,18:21:45,18:23:15,18:24:05,18:25:30,18:26:05,18:27:20,18:27:50,18:29:20,18:29:50,18:31:35,18:32:25,18:33:55,18:34:30,18:36:00,18:36:30,18:38:05,18:39:00,18:41:00,18:41:35,18:43:20,18:44:15,18:45:55,18:46:35,18:47:50,18:48:30,18:50:15,18:50:50,,,,,,,,,,,,,,,
364,17:58:25,17:58:55,18:01:00,18:01:45,18:03:40,18:04:15,18:07:10,18:07:35,18:09:25,18:10:05,18:15:30,18:16:20,18:18:15,18:18:45,18:20:30,18:21:15,18:22:40,18:23:15,18:24:35,18:25:05,18:26:35,18:27:25,18:28:50,18:29:25,18:30:40,18:31:10,18:32:40,18:33:10,18:34:55,18:35:45,18:37:15,18:37:50,18:39:20,18:39:50,18:41:25,18:42:20,18:44:20,18:44:55,18:46:40,18:47:35,18:49:15,18:49:55,18:51:10,18:51:50,18:53:35,18:54:10,,,,,,,,,,,,,,,
366,,,,,,,,,,,18:19:00,18:20:00,18:21:55,18:22:25,18:24:10,18:24:55,18:26:20,18:26:55,18:28:15,18:28:45,18:30:15,18:31:05,18:32:30,18:33:05,18:34:20,18:34:50,18:36:20,18:36:50,18:38:35,18:39:25,18:40:55,18:41:30,18:43:00,18:43:30,18:45:05,18:46:00,18:48:00,18:48:35,18:50:20,18:51:15,18:52:55,18:53:35,18:54:50,18:55:30,18:57:15,18:57:50,,,,,,,,,,,,,,,
368,18:05:25,18:06:00,18:08:05,18:08:50,18:10:45,18:11:20,18:14:15,18:14:40,18:16:30,18:17:10,18:22:35,18:23:25,18:25:20,18:25:50,18:27:35,18:28:20,18:29:45,18:30:20,18:31:40,18:32:10,18:33:40,18:34:30,18:35:55,18:36:30,18:37:45,18:38:15,18:39:45,18:40:15,18:42:00,18:42:50,18:44:20,18:44:55,18:46:25,18:46:55,18:48:30,18:49:25,18:51:25,18:52:00,18:53:45,18:54:40,18:56:20,18:57:00,18:58:15,18:58:55,19:00:40,19:01:15,,,,,,,,,,,,,,,
370,,,,,,,,,,,18:26:00,18:27:00,18:28:55,18:29:25,18:31:10,18:31:55,18:33:20,18:33:55,18:35:15,18:35:45,18:37:15,18:38:05,18:39:30,18:40:05,18:41:20,18:41:50,18:43:20,18:43:50,18:45:35,18:46:25,18:47:55,18:48:30,18:50:00,18:50:30,18:52:05,18:53:00,18:55:00,18:55:35,18:57:20,18:58:15,18:59:55,19:00:35,19:01:50,19:02:30,19:04:15,19:04:50,,,,,,,,,,,,,,,
372,18:12:20,18:13:00,18:15:05,18:15:50,18:17:45,18:18:20,18:21:15,18:21:40,18:23:30,18:24:10,18:29:35,18:30:25,18:32:20,18:32:50,18:34:35,18:35:20,18:36:45,18:37:20,18:38:40,18:39:10,18:40:40,18:41:30,18:42:55,18:43:30,18:44:45,18:45:15,18:46:45,18:47:15,18:49:00,18:49:50,18:51:20,18:51:55,18:53:25,18:53:55,18:55:30,18:56:25,18:58:25,18:59:00,19:00:45,19:01:40,19:03:20,19:04:00,19:05:15,19:05:55,19:07:40,19:08:15,,,,,,,,,,,,,,,
374,,,,,,,,,,,18:33:00,18:34:00,18:35:55,18:36:25,18:38:10,18:38:55,18:40:20,18:40:55,18:42:15,18:42:45,18:44:15,18:45:05,18:46:30,18:47:05,18:48:20,18:48:50,18:50:20,18:50:50,18:52:35,18:53:25,18:54:55,18:55:30,18:57:00,18:57:30,18:59:05,19:00:00,19:02:00,19:02:35,19:04:20,19:05:15,19:06:55,19:07:35,19:08:50,19:09:30,19:11:15,19:11:50,,,,,,,,,,,,,,,
376,18:19:25,18:20:00,18:22:05,18:22:50,18:24:45,18:25:20,18:28:15,18:28:40,18:30:30,18:31:10,18:36:35,18:37:25,18:39:20,18:39:50,18:41:35,18:42:20,18:43:45,18:44:20,18:45:40,18:46:10,18:47:40,18:48:30,18:49:55,18:50:30,18:51:45,18:52:15,18:53:45,18:54:15,18:56:00,18:56:50,18:58:20,18:58:55,19:00:25,19:00:55,19:02:30,19:03:25,19:05:25,19:06:00,19:07:45,19:08:40,19:10:20,19:11:00,19:12:15,19:12:55,19:14:40,19:15:15,,,,,,,,,,,,,,,
378,,,,,,,,,,,18:40:00,18:40:55,18:42:50,18:43:20,18:45:05,18:45:50,18:47:15,18:47:50,18:49:10,18:49:40,18:51:10,18:52:00,18:53:25,18:54:00,18:55:15,18:55:45,18:57:15,18:57:45,18:59:30,19:00:20,19:01:50,19:02:25,19:03:55,19:04:25,19:06:00,19:06:55,19:08:55,19:09:30,19:11:15,19:12:10,19:13:50,19:14:30,19:15:45,19:16:25,19:18:10,19:18:45,,,,,,,,,,,,,,,
380,18:26:30,18:27:00,18:29:05,18:29:50,18:31:45,18:32:20,18:35:15,18:35:40,18:37:30,18:38:10,18:43:35,18:44:25,18:46:20,18:46:50,18:48:35,18:49:20,18:50:45,18:51:20,18:52:40,18:53:10,18:54:40,18:55:30,18:56:55,18:57:30,18:58:45,18:59:15,19:00:45,19:01:15,19:03:00,19:03:50,19:05:20,19:05:55,19:07:25,19:07:55,19:09:30,19:10:25,19:12:25,19:13:00,19:14:45,19:15:40,19:17:20,19:18:00,19:19:15,19:19:55,19:21:40,19:22:15,,,,,,,,,,,,,,,
382,,,,,,,,,,,18:47:00,18:48:00,18:49:55,18:50:25,18:52:10,18:52:55,18:54:20,18:54:55,18:56:15,18:56:45,18:58:15,18:59:05,19:00:30,19:01:05,19:02:20,19:02:50,19:04:20,19:04:50,19:06:35,19:07:25,19:08:55,19:09:30,19:11:00,19:11:30,19:13:05,19:14:00,19:16:00,19:16:35,19:18:20,19:19:15,19:20:55,19:21:35,19:22:50,19:23:30,19:25:15,19:25:50,,,,,,,,,,,,,,,
384,18:33:30,18:34:00,18:36:05,18:36:50,18:38:45,18:39:20,18:42:15,18:42:40,18:44:30,18:45:10,18:50:35,18:51:25,18:53:20,18:53:50,18:55:35,18:56:20,18:57:45,18:58:20,18:59:40,19:00:10,19:01:40,19:02:30,19:03:55,19:04:30,19:05:45,19:06:15,19:07:45,19:08:15,19:10:00,19:10:50,19:12:20,19:12:55,19:14:25,19:14:55,19:16:30,19:17:25,19:19:25,19:20:00,19:21:45,19:22:40,19:24:20,19:25:00,19:26:15,19:26:55,19:28:40,19:29:15,,,,,,,,,,,,,,,
386,,,,,,,,,,,18:54:00,18:55:00,18:56:55,18:57:25,18:59:10,18:59:55,19:01:20,19:01:55,19:03:15,19:03:45,19:05:15,19:06:05,19:07:30,19:08:05,19:09:20,19:09:50,19:11:20,19:11:50,19:13:35,19:14:25,19:15:55,19:16:30,19:18:00,19:18:30,19:20:05,19:21:00,19:23:00,19:23:35,19:25:20,19:26:15,19:27:55,19:28:35,19:29:50,19:30:30,19:32:15,19:32:50,,,,,,,,,,,,,,,
388,18:40:15,18:41:00,18:43:05,18:43:50,18:45:45,18:46:20,18:49:15,18:49:40,18:51:30,18:52:10,18:57:35,18:58:25,19:00:20,19:00:50,19:02:35,19:03:20,19:04:45,19:05:20,19:06:40,19:07:10,19:08:40,19:09:30,19:10:55,19:11:30,19:12:45,19:13:15,19:14:45,19:15:15,19:17:00,19:17:50,19:19:20,19:19:55,19:21:25,19:21:55,19:23:30,19:24:25,19:26:25,19:27:00,19:28:45,19:29:40,19:31:20,19:32:00,19:33:15,19:33:55,19:35:40,19:36:15,,,,,,,,,,,,,,,
390,,,,,,,,,,,19:01:05,19:01:55,19:03:50,19:04:20,19:06:05,19:06:50,19:08:15,19:08:50,19:10:10,19:10:40,19:12:10,19:13:00,19:14:25,19:15:00,19:16:15,19:16:45,19:18:15,19:18:45,19:20:30,19:21:20,19:22:50,19:23:25,19:24:55,19:25:25,19:27:00,19:27:55,19:29:55,19:30:30,19:32:15,19:33:10,19:34:50,19:35:30,19:36:45,19:37:25,19:39:10,19:39:45,,,,,,,,,,,,,,,
392,18:47:25,18:48:00,18:50:05,18:50:50,18:52:45,18:53:20,18:56:15,18:56:40,18:58:30,18:59:10,19:04:35,19:05:25,19:07:20,19:07:50,19:09:35,19:10:20,19:11:45,19:12:20,19:13:40,19:14:10,19:15:40,19:16:30,19:17:55,19:18:30,19:19:45,19:20:15,19:21:45,19:22:15,19:24:00,19:24:50,19:26:20,19:26:55,19:28:25,19:28:55,19:30:30,19:31:25,19:33:25,19:34:00,19:35:45,19:36:40,19:38:20,19:39:00,19:40:15,19:40:55,19:42:40,19:43:15,,,,,,,,,,,,,,,
394,,,,,,,,,,,19:08:05,19:09:00,19:10:55,19:11:25,19:13:10,19:13:55,19:15:20,19:15:55,19:17:15,19:17:45,19:19:15,19:20:05,19:21:30,19:22:05,19:23:20,19:23:50,19:25:20,19:25:50,19:27:35,19:28:25,19:29:55,19:30:30,19:32:00,19:32:30,19:34:05,19:35:00,19:37:00,19:37:35,19:39:20,19:40:15,19:41:55,19:42:35,19:43:50,19:44:30,19:46:15,19:46:50,,,,,,,,,,,,,,,
396,18:54:25,18:55:00,18:57:05,18:57:50,18:59:45,19:00:20,19:03:15,19:03:40,19:05:30,19:06:10,19:11:35,19:12:25,19:14:20,19:14:50,19:16:35,19:17:20,19:18:45,19:19:20,19:20:40,19:21:10,19:22:40,19:23:30,19:24:55,19:25:30,19:26:45,19:27:15,19:28:45,19:29:15,19:31:00,19:31:50,19:33:20,19:33:55,19:35:25,19:35:55,19:37:30,19:38:25,19:40:25,19:41:00,19:42:45,19:43:40,19:45:20,19:46:00,19:47:15,19:47:55,19:49:40,19:50:15,,,,,,,,,,,,,,,
398,,,,,,,,,,,19:14:35,19:15:30,19:17:25,19:17:55,19:19:40,19:20:25,19:21:50,19:22:25,19:23:45,19:24:15,19:25:45,19:26:35,19:28:00,19:28:35,19:29:50,19:30:20,19:31:50,19:32:20,19:34:05,19:34:55,19:36:25,19:37:00,19:38:30,19:39:00,19:40:35,19:41:30,19:43:30,19:44:05,19:45:50,19:46:45,19:48:25,19:49:05,19:50:20,19:51:00,19:52:45,19:53:20,,,,,,,,,,,,,,,
400,19:01:25,19:02:00,19:04:05,19:04:50,19:06:45,19:07:20,19:10:15,19:10:40,19:12:30,19:13:10,19:18:35,19:19:25,19:21:20,19:21:50,19:23:35,19:24:20,19:25:45,19:26:20,19:27:40,19:28:10,19:29:40,19:30:30,19:31:55,19:32:30,19:33:45,19:34:15,19:35:45,19:36:15,19:38:00,19:38:50,19:40:20,19:40:55,19:42:25,19:42:55,19:44:30,19:45:25,19:47:25,19:48:00,19:49:45,19:50:40,19:52:20,19:53:00,19:54:15,19:54:55,19:56:40,19:57:15,,,,,,,,,,,,,,,
402,,,,,,,,,,,19:22:35,19:23:30,19:25:25,19:25:55,19:27:40,19:28:25,19:29:50,19:30:25,19:31:45,19:32:15,19:33:45,19:34:35,19:36:00,19:36:35,19:37:50,19:38:20,19:39:50,19:40:20,19:42:05,19:42:55,19:44:25,19:45:00,19:46:30,19:47:00,19:48:35,19:49:30,19:51:30,19:52:05,19:53:50,19:54:45,19:56:25,19:57:05,19:58:20,19:59:00,20:00:45,20:01:20,,,,,,,,,,,,,,,
404,19:09:30,19:10:00,19:12:05,19:12:50,19:14:45,19:15:20,19:18:15,19:18:40,19:20:30,19:21:10,19:26:35,19:27:25,19:29:20,19:29:50,19:31:35,19:32:20,19:33:45,19:34:20,19:35:40,19:36:10,19:37:40,19:38:30,19:39:55,19:40:30,19:41:45,19:42:15,19:43:45,19:44:15,19:46:00,19:46:50,19:48:20,19:48:55,19:50:25,19:50:55,19:52:30,19:53:25,19:55:25,19:56:00,19:57:45,19:58:40,20:00:20,20:01:00,20:02:15,20:02:55,20:04:40,20:05:15,,,,,,,,,,,,,,,
406,,,,,,,,,,,19:30:35,19:31:30,19:33:25,19:33:55,19:35:40,19:36:25,19:37:50,19:38:25,19:39:45,19:40:15,19:41:45,19:42:35,19:44:00,19:44:35,19:45:50,19:46:20,19:47:50,19:48:20,19:50:05,19:50:55,19:52:25,19:53:00,19:54:30,19:55:00,19:56:35,19:57:30,19:59:30,20:00:05,20:01:50,20:02:45,20:04:25,20:05:05,20:06:20,20:07:00,20:08:45,20:09:20,,,,,,,,,,,,,,,
408,19:17:30,19:18:00,19:20:05,19:20:50,19:22:45,19:23:20,19:26:15,19:26:40,19:28:30,19:29:10,19:34:35,19:35:25,19:37:20,19:37:50,19:39:35,19:40:20,19:41:45,19:42:20,19:43:40,19:44:10,19:45:40,19:46:30,19:47:55,19:48:30,19:49:45,19:50:15,19:51:45,19:52:15,19:54:00,19:54:50,19:56:20,19:56:55,19:58:25,19:58:55,20:00:30,20:01:25,20:03:25,20:04:00,20:05:45,20:06:40,20:08:20,20:09:00,20:10:15,20:10:55,20:12:40,20:13:15,,,,,,,,,,,,,,,
410,,,,,,,,,,,19:38:30,19:39:25,19:41:20,19:41:50,19:43:35,19:44:20,19:45:45,19:46:20,19:47:40,19:48:10,19:49:40,19:50:30,19:51:55,19:52:30,19:53:45,19:54:15,19:55:45,19:56:15,19:58:00,19:58:50,20:00:20,20:00:55,20:02:25,20:02:55,20:04:30,20:05:25,20:07:25,20:08:00,20:09:45,20:10:40,20:12:20,20:13:00,20:14:15,20:14:55,20:16:40,20:17:15,,,,,,,,,,,,,,,
412,19:25:30,19:26:00,19:28:05,19:28:50,19:30:45,19:31:20,19:34:15,19:34:40,19:36:30,19:37:10,19:42:35,19:43:25,19:45:20,19:45:50,19:47:35,19:48:20,19:49:45,19:50:20,19:51:40,19:52:10,19:53:40,19:54:30,19:55:55,19:56:30,19:57:45,19:58:15,19:59:45,20:00:15,20:02:00,20:02:50,20:04:20,20:04:55,20:06:25,20:06:55,20:08:30,20:09:25,20:11:25,20:12:00,20:13:45,20:14:40,20:16:20,20:17:00,20:18:15,20:18:55,20:20:40,20:21:15,,,,,,,,,,,,,,,
414,,,,,,,,,,,19:46:40,19:47:30,19:49:25,19:49:55,19:51:40,19:52:25,19:53:50,19:54:25,19:55:45,19:56:15,19:57:45,19:58:35,20:00:00,20:00:35,20:01:50,20:02:20,20:03:50,20:04:20,20:06:05,20:06:55,20:08:25,20:09:00,20:10:30,20:11:00,20:12:35,20:13:30,20:15:30,20:16:05,20:17:50,20:18:45,20:20:25,20:21:05,20:22:20,20:23:00,20:24:45,20:25:20,,,,,,,,,,,,,,,
416,19:33:30,19:34:00,19:36:05,19:36:50,19:38:45,19:39:20,19:42:15,19:42:40,19:44:30,19:45:10,19:50:35,19:51:25,19:53:20,19:53:50,19:55:35,19:56:20,19:57:45,19:58:20,19:59:40,20:00:10,20:01:40,20:02:30,20:03:55,20:04:30,20:05:45,20:06:15,20:07:45,20:08:15,20:10:00,20:10:50,20:12:20,20:12:55,20:14:25,20:14:55,20:16:30,20:17:25,20:19:25,20:20:00,20:21:45,20:22:40,20:24:20,20:25:00,20:26:15,20:26:55,20:28:40,20:29:15,,,,,,,,,,,,,,,
418,,,,,,,,,,,19:54:35,19:55:30,19:57:25,19:57:55,19:59:40,20:00:25,20:01:50,20:02:25,20:03:45,20:04:15,20:05:45,20:06:35,20:08:00,20:08:35,20:09:50,20:10:20,20:11:50,20:12:20,20:14:05,20:14:55,20:16:25,20:17:00,20:18:30,20:19:00,20:20:35,20:21:30,20:23:30,20:24:05,20:25:50,20:26:45,20:28:25,20:29:05,20:30:20,20:31:00,20:32:45,20:33:20,,,,,,,,,,,,,,,
420,19:41:30,19:42:00,19:44:05,19:44:50,19:46:45,19:47:20,19:50:15,19:50:40,19:52:30,19:53:10,19:58:35,19:59:25,20:01:20,20:01:50,20:03:35,20:04:20,20:05:45,20:06:20,20:07:40,20:08:10,20:09:40,20:10:30,20:11:55,20:12:30,20:13:45,20:14:15,20:15:45,20:16:15,20:18:00,20:18:50,20:20:20,20:20:55,20:22:25,20:22:55,20:24:30,20:25:25,20:27:25,20:28:00,20:29:45,20:30:40,20:32:20,20:33:00,20:34:15,20:34:55,20:36:40,20:37:15,,,,,,,,,,,,,,,
422,,,,,,,,,,,20:02:25,20:03:25,20:05:20,20:05:50,20:07:35,20:08:20,20:09:45,20:10:20,20:11:40,20:12:10,20:13:40,20:14:30,20:15:55,20:16:30,20:17:45,20:18:15,20:19:45,20:20:15,20:22:00,20:22:50,20:24:20,20:24:55,20:26:25,20:26:55,20:28:30,20:29:25,20:31:25,20:32:00,20:33:45,20:34:40,20:36:20,20:37:00,20:38:15,20:38:55,20:40:40,20:41:15,,,,,,,,,,,,,,,
424,19:49:30,19:50:00,19:52:05,19:52:50,19:54:45,19:55:20,19:58:15,19:58:40,20:00:30,20:01:10,20:06:35,20:07:25,20:09:20,20:09:50,20:11:35,20:12:20,20:13:45,20:14:20,20:15:40,20:16:10,20:17:40,20:18:30,20:19:55,20:20:30,20:21:45,20:22:15,20:23:45,20:24:15,20:26:00,20:26:50,20:28:20,20:28:55,20:30:25,20:30:55,20:32:30,20:33:25,20:35:25,20:36:00,20:37:45,20:38:40,20:40:20,20:41:00,20:42:15,20:42:55,20:44:40,20:45:15,,,,,,,,,,,,,,,
426,,,,,,,,,,,20:11:30,20:12:25,20:14:20,20:14:50,20:16:35,20:17:20,20:18:45,20:19:20,20:20:40,20:21:10,20:22:40,20:23:30,20:24:55,20:25:30,20:26:45,20:27:15,20:28:45,20:29:15,20:31:00,20:31:50,20:33:20,20:33:55,20:35:25,20:35:55,20:37:30,20:38:25,20:40:25,20:41:00,20:42:45,20:43:40,20:45:20,20:46:00,20:47:15,20:47:55,20:49:40,20:50:15,,,,,,,,,,,,,,,
428,19:59:30,20:00:00,20:02:05,20:02:50,20:04:45,20:05:20,20:08:15,20:08:40,20:10:30,20:11:10,20:16:35,20:17:25,20:19:20,20:19:50,20:21:35,20:22:20,20:23:45,20:24:20,20:25:40,20:26:10,20:27:40,20:28:30,20:29:55,20:30:30,20:31:45,20:32:15,20:33:45,20:34:15,20:36:00,20:36:50,20:38:20,20:38:55,20:40:25,20:40:55,20:42:30,20:43:25,20:45:25,20:46:00,20:47:45,20:48:40,20:50:20,20:51:00,20:52:15,20:52:55,20:54:40,20:55:15,,,,,,,,,,,,,,,
430,,,,,,,,,,,20:21:30,20:22:25,20:24:20,20:24:50,20:26:35,20:27:20,20:28:45,20:29:20,20:30:40,20:31:10,20:32:40,20:33:30,20:34:55,20:35:30,20:36:45,20:37:15,20:38:45,20:39:15,20:41:00,20:41:50,20:43:20,20:43:55,20:45:25,20:45:55,20:47:30,20:48:25,20:50:25,20:51:00,20:52:45,20:53:40,20:55:20,20:56:00,20:57:15,20:57:55,20:59:40,21:00:15,,,,,,,,,,,,,,,
432,20:10:25,20:11:00,20:13:05,20:13:50,20:15:45,20:16:20,20:19:15,20:19:40,20:21:30,20:22:10,20:27:35,20:28:25,20:30:20,20:30:50,20:32:35,20:33:20,20:34:45,20:35:20,20:36:40,20:37:10,20:38:40,20:39:30,20:40:55,20:41:30,20:42:45,20:43:15,20:44:45,20:45:15,20:47:00,20:47:50,20:49:20,20:49:55,20:51:25,20:51:55,20:53:30,20:54:25,20:56:25,20:57:00,20:58:45,20:59:40,21:01:20,21:02:00,21:03:15,21:03:55,21:05:40,21:06:15,,,,,,,,,,,,,,,
434,,,,,,,,,,,20:32:35,20:33:25,20:35:20,20:35:50,20:37:35,20:38:20,20:39:45,20:40:20,20:41:40,20:42:10,20:43:40,20:44:30,20:45:55,20:46:30,20:47:45,20:48:15,20:49:45,20:50:15,20:52:00,20:52:50,20:54:20,20:54:55,20:56:25,20:56:55,20:58:30,20:59:25,21:01:25,21:02:00,21:03:45,21:04:40,21:06:20,21:07:00,21:08:15,21:08:55,21:10:40,21:11:15,,,,,,,,,,,,,,,
436,20:20:25,20:21:05,20:23:10,20:23:55,20:25:50,20:26:25,20:29:20,20:29:45,20:31:35,20:32:15,20:37:40,20:38:30,20:40:25,20:40:55,20:42:40,20:43:25,20:44:50,20:45:25,20:46:45,20:47:15,20:48:45,20:49:35,20:51:00,20:51:35,20:52:50,20:53:20,20:54:50,20:55:20,20:57:05,20:57:55,20:59:25,21:00:00,21:01:30,21:02:00,21:03:35,21:04:30,21:06:30,21:07:05,21:08:50,21:09:45,21:11:25,21:12:05,21:13:20,21:14:00,21:15:45,21:16:20,,,,,,,,,,,,,,,
438,,,,,,,,,,,20:42:35,20:43:30,20:45:25,20:45:55,20:47:40,20:48:25,20:49:50,20:50:25,20:51:45,20:52:15,20:53:45,20:54:35,20:56:00,20:56:35,20:57:50,20:58:20,20:59:50,21:00:20,21:02:05,21:02:55,21:04:25,21:05:00,21:06:30,21:07:00,21:08:35,21:09:30,21:11:30,21:12:05,21:13:50,21:14:45,21:16:25,21:17:05,21:18:20,21:19:00,21:20:45,21:21:20,,,,,,,,,,,,,,,
440,20:30:25,20:31:00,20:33:05,20:33:50,20:35:45,20:36:20,20:39:15,20:39:40,20:41:30,20:42:10,20:47:35,20:48:25,20:50:20,20:50:50,20:52:35,20:53:20,20:54:45,20:55:20,20:56:40,20:57:10,20:58:40,20:59:30,21:00:55,21:01:30,21:02:45,21:03:15,21:04:45,21:05:15,21:07:00,21:07:50,21:09:20,21:09:55,21:11:25,21:11:55,21:13:30,21:14:25,21:16:25,21:17:00,21:18:45,21:19:40,21:21:20,21:22:00,21:23:15,21:23:55,21:25:40,21:26:15,,,,,,,,,,,,,,,
442,,,,,,,,,,,20:52:35,20:53:25,20:55:20,20:55:50,20:57:35,20:58:20,20:59:45,21:00:20,21:01:40,21:02:10,21:03:40,21:04:30,21:05:55,21:06:30,21:07:45,21:08:15,21:09:45,21:10:15,21:12:00,21:12:50,21:14:20,21:14:55,21:16:25,21:16:55,21:18:30,21:19:25,21:21:25,21:22:00,21:23:45,21:24:40,21:26:20,21:27:00,21:28:15,21:28:55,21:30:40,21:31:15,,,,,,,,,,,,,,,
444,20:40:00,20:40:30,20:42:35,20:43:20,20:45:15,20:45:50,20:48:45,20:49:10,20:51:00,20:51:40,20:57:05,20:57:55,20:59:50,21:00:20,21:02:05,21:02:50,21:04:15,21:04:50,21:06:10,21:06:40,21:08:10,21:09:00,21:10:25,21:11:00,21:12:15,21:12:45,21:14:15,21:14:45,21:16:30,21:17:20,21:18:50,21:19:25,21:20:55,21:21:25,21:23:00,21:23:55,21:25:55,21:26:30,21:28:15,21:29:10,21:30:50,21:31:30,21:32:45,21:33:25,21:35:10,21:35:45,,,,,,,,,,,,,,,
446,,,,,,,,,,,21:02:50,21:03:55,21:05:50,21:06:20,21:08:05,21:08:50,21:10:15,21:10:50,21:12:10,21:12:40,21:14:10,21:15:00,21:16:25,21:17:00,21:18:15,21:18:45,21:20:15,21:20:45,21:22:30,21:23:20,21:24:50,21:25:25,21:26:55,21:27:25,21:29:00,21:29:55,21:31:55,21:32:30,21:34:15,21:35:10,21:36:50,21:37:30,21:38:45,21:39:25,21:41:10,21:41:45,,,,,,,,,,,,,,,
448,20:50:35,20:51:15,20:53:20,20:54:05,20:56:00,20:56:35,20:59:30,20:59:55,21:01:45,21:02:25,21:07:50,21:08:40,21:10:35,21:11:05,21:12:50,21:13:35,21:15:00,21:15:35,21:16:55,21:17:25,21:18:55,21:19:45,21:21:10,21:21:45,21:23:00,21:23:30,21:25:00,21:25:30,21:27:15,21:28:05,21:29:35,21:30:10,21:31:40,21:32:10,21:33:45,21:34:40,21:36:40,21:37:15,21:39:00,21:39:55,21:41:35,21:42:15,21:43:30,21:44:10,21:45:55,21:46:30,,,,,,,,,,,,,,,
450,,,,,,,,,,,21:13:25,21:14:25,21:16:20,21:16:50,21:18:35,21:19:20,21:20:45,21:21:20,21:22:40,21:23:10,21:24:40,21:25:30,21:26:55,21:27:30,21:28:45,21:29:15,21:30:45,21:31:15,21:33:00,21:33:50,21:35:20,21:35:55,21:37:25,21:37:55,21:39:30,21:40:25,21:42:25,21:43:00,21:44:45,21:45:40,21:47:20,21:48:00,21:49:15,21:49:55,21:51:40,21:52:15,,,,,,,,,,,,,,,
452,21:02:20,21:03:00,21:05:05,21:05:50,21:07:45,21:08:20,21:11:15,21:11:40,21:13:30,21:14:10,21:19:35,21:20:25,21:22:20,21:22:50,21:24:35,21:25:20,21:26:45,21:27:20,21:28:40,21:29:10,21:30:40,21:31:30,21:32:55,21:33:30,21:34:45,21:35:15,21:36:45,21:37:15,21:39:00,21:39:50,21:41:20,21:41:55,21:43:25,21:43:55,21:45:30,21:46:25,21:48:25,21:49:00,21:50:45,21:51:40,21:53:20,21:54:00,21:55:15,21:55:55,21:57:40,21:58:15,,,,,,,,,,,,,,,
454,21:10:00,21:10:30,21:12:35,21:13:20,21:15:15,21:15:50,21:18:45,21:19:10,21:21:00,21:21:40,21:27:05,21:27:55,21:29:50,21:30:20,21:32:05,21:32:50,21:34:15,21:34:50,21:36:10,21:36:40,21:38:10,21:39:00,21:40:25,21:41:00,21:42:15,21:42:45,21:44:15,21:44:45,21:46:30,21:47:20,21:48:50,21:49:25,21:50:55,21:51:25,21:53:00,21:53:55,21:55:55,21:56:30,21:58:15,21:59:10,22:00:50,22:01:30,22:02:45,22:03:25,22:05:10,22:05:45,,,,,,,,,,,,,,,
456,,,,,,,,,,,21:32:30,21:33:30,21:35:25,21:35:55,21:37:40,21:38:25,21:39:50,21:40:25,21:41:45,21:42:15,21:43:45,21:44:35,21:46:00,21:46:35,21:47:50,21:48:20,21:49:50,21:50:20,21:52:05,21:52:55,21:54:25,21:55:00,21:56:30,21:57:00,21:58:35,21:59:30,22:01:30,22:02:05,22:03:50,22:04:45,22:06:25,22:07:05,22:08:20,22:09:00,22:10:45,22:11:20,,,,,,,,,,,,,,,
458,21:20:25,21:21:00,21:23:05,21:23:50,21:25:45,21:26:20,21:29:15,21:29:40,21:31:30,21:32:10,21:37:35,21:38:25,21:40:20,21:40:50,21:42:35,21:43:20,21:44:45,21:45:20,21:46:40,21:47:10,21:48:40,21:49:30,21:50:55,21:51:30,21:52:45,21:53:15,21:54:45,21:55:15,21:57:00,21:57:50,21:59:20,21:59:55,22:01:25,22:01:55,22:03:30,22:04:25,22:06:25,22:07:00,22:08:45,22:09:40,22:11:20,22:12:00,22:13:15,22:13:55,22:15:40,22:16:15,,,,,,,,,,,,,,,
460,,,,,,,,,,,21:42:30,21:43:30,21:45:25,21:45:55,21:47:40,21:48:25,21:49:50,21:50:25,21:51:45,21:52:15,21:53:45,21:54:35,21:56:00,21:56:35,21:57:50,21:58:20,21:59:50,22:00:20,22:02:05,22:02:55,22:04:25,22:05:00,22:06:30,22:07:00,22:08:35,22:09:30,22:11:30,22:12:05,22:13:50,22:14:45,22:16:25,22:17:05,22:18:20,22:19:00,22:20:45,22:21:20,,,,,,,,,,,,,,,
462,21:30:25,21:31:00,21:33:05,21:33:50,21:35:45,21:36:20,21:39:15,21:39:40,21:41:30,21:42:10,21:47:35,21:48:25,21:50:20,21:50:50,21:52:35,21:53:20,21:54:45,21:55:20,21:56:40,21:57:10,21:58:40,21:59:30,22:00:55,22:01:30,22:02:45,22:03:15,22:04:45,22:05:15,22:07:00,22:07:50,22:09:20,22:09:55,22:11:25,22:11:55,22:13:30,22:14:25,22:16:25,22:17:00,22:18:45,22:19:40,22:21:20,22:22:00,22:23:15,22:23:55,22:25:40,22:26:15,,,,,,,,,,,,,,,
464,,,,,,,,,,,21:52:30,21:52:25,21:54:20,21:54:50,21:56:35,21:57:20,21:58:45,21:59:20,22:00:40,22:01:10,22:02:40,22:03:30,22:04:55,22:05:30,22:06:45,22:07:15,22:08:45,22:09:15,22:11:00,22:11:50,22:13:20,22:13:55,22:15:25,22:15:55,22:17:30,22:18:25,22:20:25,22:21:00,22:22:45,22:23:40,22:25:20,22:26:00,22:27:15,22:27:55,22:29:40,22:30:15,,,,,,,,,,,,,,,
466,21:41:25,21:42:00,21:44:05,21:44:50,21:46:45,21:47:20,21:50:15,21:50:40,21:52:30,21:53:10,21:58:35,21:59:25,22:01:20,22:01:50,22:03:35,22:04:20,22:05:45,22:06:20,22:07:40,22:08:10,22:09:40,22:10:30,22:11:55,22:12:30,22:13:45,22:14:15,22:15:45,22:16:15,22:18:00,22:18:50,22:20:20,22:20:55,22:22:25,22:22:55,22:24:30,22:25:25,22:27:25,22:28:00,22:29:45,22:30:40,22:32:20,22:33:00,22:34:15,22:34:55,22:36:40,22:37:15,,,,,,,,,,,,,,,
468,,,,,,,,,,,22:06:30,22:07:30,22:09:25,22:09:55,22:11:40,22:12:25,22:13:50,22:14:25,22:15:45,22:16:15,22:17:45,22:18:35,22:20:00,22:20:35,22:21:50,22:22:20,22:23:50,22:24:20,22:26:05,22:26:55,22:28:25,22:29:00,22:30:30,22:31:00,22:32:35,22:33:30,22:35:30,22:36:05,22:37:50,22:38:45,22:40:25,22:41:05,22:42:20,22:43:00,22:44:45,22:45:20,,,,,,,,,,,,,,,
470,21:57:25,21:58:00,22:00:05,22:00:50,22:02:45,22:03:20,22:06:15,22:06:40,22:08:30,22:09:10,22:14:35,22:15:25,22:17:20,22:17:50,22:19:35,22:20:20,22:21:45,22:22:20,22:23:40,22:24:10,22:25:40,22:26:30,22:27:55,22:28:30,22:29:45,22:30:15,22:31:45,22:32:15,22:34:00,22:34:50,22:36:20,22:36:55,22:38:25,22:38:55,22:40:30,22:41:25,22:43:25,22:44:00,22:45:45,22:46:40,22:48:20,22:49:00,22:50:15,22:50:55,22:52:40,22:53:15,,,,,,,,,,,,,,,
472,,,,,,,,,,,22:22:30,22:23:25,22:25:20,22:25:50,22:27:35,22:28:20,22:29:45,22:30:20,22:31:40,22:32:10,22:33:40,22:34:30,22:35:55,22:36:30,22:37:45,22:38:15,22:39:45,22:40:15,22:42:00,22:42:50,22:44:20,22:44:55,22:46:25,22:46:55,22:48:30,22:49:25,22:51:25,22:52:00,22:53:45,22:54:40,22:56:20,22:57:00,22:58:15,22:58:55,23:00:40,23:01:15,,,,,,,,,,,,,,,
474,22:13:25,22:14:00,22:16:05,22:16:50,22:18:45,22:19:20,22:22:15,22:22:40,22:24:30,22:25:10,22:30:35,22:31:25,22:33:20,22:33:50,22:35:35,22:36:20,22:37:45,22:38:20,22:39:40,22:40:10,22:41:40,22:42:30,22:43:55,22:44:30,22:45:45,22:46:15,22:47:45,22:48:15,22:50:00,22:50:50,22:52:20,22:52:55,22:54:25,22:54:55,22:56:30,22:57:25,22:59:25,23:00:00,23:01:45,23:02:40,23:04:20,23:05:00,23:06:15,23:06:55,23:08:40,23:09:15,,,,,,,,,,,,,,,
476,,,,,,,,,,,22:38:30,22:39:25,22:41:20,22:41:50,22:43:35,22:44:20,22:45:45,22:46:20,22:47:40,22:48:10,22:49:40,22:50:30,22:51:55,22:52:30,22:53:45,22:54:15,22:55:45,22:56:15,22:58:00,22:58:50,23:00:20,23:00:55,23:02:25,23:02:55,23:04:30,23:05:25,23:07:25,23:08:00,23:09:45,23:10:40,23:12:20,23:13:00,23:14:15,23:14:55,23:16:40,23:17:15,,,,,,,,,,,,,,,
478,22:29:35,22:30:10,22:32:15,22:33:00,22:34:55,22:35:30,22:38:25,22:38:50,22:40:40,22:41:20,22:46:45,22:47:35,22:49:30,22:50:00,22:51:45,22:52:30,22:53:55,22:54:30,22:55:50,22:56:20,22:57:50,22:58:40,23:00:05,23:00:40,23:01:55,23:02:25,23:03:55,23:04:25,23:06:10,23:07:00,23:08:30,23:09:05,23:10:35,23:11:05,23:12:40,23:13:35,23:15:35,23:16:10,23:17:55,23:18:50,23:20:30,23:21:10,23:22:25,23:23:05,23:24:50,23:25:25,,,,,,,,,,,,,,,
