Train number,102_Arrival,102_Departure,103_Arrival,103_Departure,104_Arrival,104_Departure,318_Arrival,318_Departure,106_Arrival,106_Departure,107_Arrival,107_Departure,108_Arrival,108_Departure,109_Arrival,109_Departure,110_Arrival,110_Departure,111_Arrival,111_Departure,112_Arrival,112_Departure,113_Arrival,113_Departure,114_Arrival,114_Departure,115_Arrival,115_Departure,116_Arrival,116_Departure,117_Arrival,117_Departure,118_Arrival,118_Departure,119_Arrival,119_Departure,120_Arrival,120_Departure,121_Arrival,121_Departure,122_Arrival,122_Departure,123_Arrival,123_Departure,124_Arrival,124_Departure,,,,,,,,,
1,,,,,,,,,,,,,,,,,,,,,,,,,,,,,,,,,,,,,6:30:05,6:30:05,6:31:55,6:32:20,6:35:20,6:35:45,6:37:50,6:38:25,6:40:30,6:41:05,,,,,,,,,
3,,,,,,,,,,,,,,,,,,,,,,,,,,,,,,,,,,,,,6:41:20,6:41:20,6:43:10,6:43:35,6:46:35,6:47:00,6:49:05,6:49:40,6:51:45,6:52:20,,,,,,,,,
5,,,,,,,,,,,,,,,,,,,,,,,,,,,6:30:00,6:30:30,6:31:45,6:32:20,6:33:50,6:34:30,6:36:05,6:36:35,6:38:40,6:39:30,6:44:55,6:45:30,6:47:20,6:47:45,6:50:45,6:51:10,6:53:15,6:53:50,6:55:55,6:56:30,,,,,,,,,
7,,,,,,,,,,,,,,,,,,,,,,,,,,,,,,,,,,,,,6:50:00,6:50:00,6:51:50,6:52:15,6:55:15,6:55:40,6:57:45,6:58:20,7:00:25,7:01:00,,,,,,,,,
9,,,,,,,,,,,,,,,,,,,,,6:33:00,6:33:00,6:34:20,6:34:55,6:36:20,6:37:05,6:38:40,6:39:10,6:40:25,6:41:00,6:42:30,6:43:10,6:44:45,6:45:15,6:47:20,6:48:10,6:53:35,6:54:10,6:56:00,6:56:25,6:59:25,6:59:50,7:01:55,7:02:30,7:04:35,7:05:10,,,,,,,,,
11,,,,,,,,,,,,,,,,,,,,,6:40:00,6:40:00,6:41:20,6:41:55,6:43:20,6:44:05,6:45:40,6:46:10,6:47:25,6:48:00,6:49:30,6:50:10,6:51:45,6:52:15,6:54:20,6:55:10,,,,,,,,,,,,,,,,,,,
13,,,,,,,,,,,,,,,,,,,,,6:47:00,6:47:00,6:48:20,6:48:55,6:50:20,6:51:05,6:52:40,6:53:10,6:54:25,6:55:00,6:56:30,6:57:10,6:58:45,6:59:15,7:01:20,7:02:10,7:07:35,7:08:10,7:10:00,7:10:25,7:13:25,7:13:50,7:15:55,7:16:30,7:18:35,7:19:10,,,,,,,,,
15,6:30:00,6:30:00,6:31:55,6:32:25,6:33:45,6:34:25,6:36:00,6:37:00,6:38:50,6:39:20,6:41:20,6:42:10,6:43:50,6:44:20,6:45:45,6:46:25,6:48:00,6:48:45,6:50:30,6:51:00,6:52:15,6:52:50,6:54:10,6:54:45,6:56:10,6:56:55,6:58:30,6:59:00,7:00:15,7:00:50,7:02:20,7:03:00,7:04:35,7:05:05,7:07:10,7:08:00,7:13:25,7:14:00,7:15:50,7:16:15,7:19:15,7:19:40,7:21:45,7:22:20,7:24:25,7:25:00,,,,,,,,,
17,6:31:30,6:34:00,6:35:55,6:36:25,6:37:45,6:38:25,6:40:00,6:41:00,6:42:50,6:43:20,6:45:20,6:46:10,6:47:50,6:48:20,6:49:45,6:50:25,6:52:00,6:52:45,6:54:30,6:55:00,6:56:15,6:56:50,6:58:10,6:58:45,7:00:10,7:00:55,7:02:30,7:03:00,7:04:15,7:04:50,7:06:20,7:07:00,7:08:35,7:09:05,7:11:10,7:12:00,,,,,,,,,,,,,,,,,,,
19,,,,,,,,,,,,,,,,,,,,,,,,,,,,,,,,,,,,,7:18:50,7:18:50,7:20:40,7:21:05,7:24:05,7:24:30,7:26:35,7:27:10,7:29:15,7:29:50,,,,,,,,,
21,6:37:25,6:39:00,6:40:55,6:41:25,6:42:45,6:43:25,6:45:00,6:46:00,6:47:50,6:48:20,6:50:20,6:51:10,6:52:50,6:53:20,6:54:45,6:55:25,6:57:00,6:57:45,6:59:30,7:00:00,7:01:15,7:01:50,7:03:10,7:03:45,7:05:10,7:05:55,7:07:30,7:08:00,7:09:15,7:09:50,7:11:20,7:12:00,7:13:35,7:14:05,7:16:10,7:17:00,7:22:25,7:23:00,7:24:50,7:25:15,7:28:15,7:28:40,7:30:45,7:31:20,7:33:25,7:34:00,,,,,,,,,
23,,,,,,,,,,,,,,,,,,,,,,7:04:55,7:06:15,7:06:50,7:08:15,7:09:00,7:10:35,7:11:05,7:12:20,7:12:55,7:14:25,7:15:05,7:16:40,7:17:10,7:19:15,7:20:05,7:25:30,7:26:05,7:27:55,7:28:20,7:31:20,7:31:45,7:33:50,7:34:25,7:36:30,7:37:05,,,,,,,,,
25,6:42:00,6:45:20,6:47:15,6:47:45,6:49:05,6:49:45,6:51:20,6:52:20,6:54:10,6:54:40,6:56:40,6:57:30,6:59:10,6:59:40,0.292418981,7:01:45,7:03:20,7:04:05,7:05:50,7:06:20,7:07:35,7:08:10,7:09:30,7:10:05,7:11:30,7:12:15,7:13:50,7:14:20,7:15:35,7:16:10,7:17:40,7:18:20,7:19:55,7:20:25,7:22:30,7:23:20,,,,,,,,,,,,,,,,,,,
27,6:45:40,6:50:00,6:51:55,6:52:25,6:53:45,6:54:25,6:56:00,6:57:00,6:58:50,6:59:20,7:01:20,7:02:10,7:03:50,7:04:20,7:05:45,7:06:25,7:08:00,7:08:45,7:10:30,7:11:00,7:12:15,7:12:50,7:14:10,7:14:45,7:16:10,7:16:55,7:18:30,7:19:00,7:20:15,7:20:50,7:22:20,7:23:00,7:24:35,7:25:05,7:27:10,7:28:00,7:33:25,7:34:00,7:35:50,7:36:15,7:39:15,7:39:40,7:41:45,7:42:20,7:44:25,7:45:00,,,,,,,,,
29,6:51:30,6:55:00,6:56:55,6:57:25,6:58:45,6:59:25,7:01:00,7:02:00,7:03:50,7:04:20,7:06:20,7:07:10,7:08:50,7:09:20,7:10:45,7:11:25,7:13:00,7:13:45,7:15:30,7:16:00,7:17:15,7:17:50,7:19:10,7:19:45,7:21:10,7:21:55,7:23:30,7:24:00,7:25:15,7:25:50,7:27:20,7:28:00,7:29:35,7:30:05,7:32:10,7:33:00,,,,,,,,,,,,,,,,,,,
31,6:55:35,7:00:00,7:01:55,7:02:25,7:03:45,7:04:25,7:06:00,7:07:00,7:08:50,7:09:20,7:11:20,7:12:10,7:13:50,7:14:20,7:15:45,7:16:25,7:18:00,7:18:45,7:20:30,7:21:00,7:22:15,7:22:50,7:24:10,7:24:45,7:26:10,7:26:55,7:28:30,7:29:00,7:30:15,7:30:50,7:32:20,7:33:00,7:34:35,7:35:05,7:37:10,7:38:00,7:43:25,7:44:00,7:45:50,7:46:15,7:49:15,7:49:40,7:51:45,7:52:20,7:54:25,7:55:00,,,,,,,,,
33,7:00:30,7:05:00,7:06:55,7:07:25,7:08:45,7:09:25,7:11:00,7:12:00,7:13:50,7:14:20,7:16:20,7:17:10,7:18:50,7:19:20,7:20:45,7:21:25,7:23:00,7:23:45,7:25:30,7:26:00,7:27:15,7:27:50,7:29:10,7:29:45,7:31:10,7:31:55,7:33:30,7:34:00,7:35:15,7:35:50,7:37:20,7:38:00,7:39:35,7:40:05,7:42:10,7:43:00,,,,,,,,,,,,,,,,,,,
35,,,,,,,,,,,,,,,,,,,,,,,,,,,,,,,,,,,,,7:49:00,7:49:00,7:50:50,7:51:15,7:54:15,7:54:40,7:56:45,7:57:20,7:59:25,8:00:00,,,,,,,,,
37,7:05:30,7:10:00,7:11:55,7:12:25,7:13:45,7:14:25,7:16:00,7:17:00,7:18:50,7:19:20,7:21:20,7:22:10,7:23:50,7:24:20,7:25:45,7:26:25,7:28:00,7:28:45,7:30:30,7:31:00,7:32:15,7:32:50,7:34:10,7:34:45,7:36:10,7:36:55,7:38:30,7:39:00,7:40:15,7:40:50,7:42:20,7:43:00,7:44:35,7:45:05,7:47:10,7:48:00,7:53:25,7:54:00,7:55:50,7:56:15,7:59:15,7:59:40,8:01:45,8:02:20,8:04:25,8:05:00,,,,,,,,,
39,7:11:10,7:15:00,7:16:55,7:17:25,7:18:45,7:19:25,7:21:00,7:22:00,7:23:50,7:24:20,7:26:20,7:27:10,7:28:50,7:29:20,7:30:45,7:31:25,7:33:00,7:33:45,7:35:30,7:36:00,7:37:15,7:37:50,7:39:10,7:39:45,7:41:10,7:41:55,7:43:30,7:44:00,7:45:15,7:45:50,7:47:20,7:48:00,7:49:35,7:50:05,7:52:10,7:53:00,7:58:25,7:59:00,8:00:50,8:01:15,8:04:15,8:04:40,8:06:45,8:07:20,8:09:25,8:10:00,,,,,,,,,
41,7:17:00,7:18:00,7:19:55,7:20:25,7:21:45,7:22:25,7:24:00,7:25:00,7:26:50,7:27:20,7:29:20,7:30:10,7:31:50,7:32:20,7:33:45,7:34:25,7:36:00,7:36:45,7:38:30,7:39:00,7:40:15,7:40:50,7:42:10,7:42:45,7:44:10,7:44:55,7:46:30,7:47:00,7:48:15,7:48:50,7:50:20,7:51:00,7:52:35,7:53:05,7:55:10,7:56:00,,,,,,,,,,,,,,,,,,,
43,7:20:25,7:21:25,7:23:20,7:23:50,7:25:10,7:25:50,7:27:25,7:28:25,7:30:15,7:30:45,7:32:45,7:33:35,7:35:15,7:35:45,7:37:10,7:37:50,7:39:25,7:40:10,7:41:55,7:42:25,7:43:40,7:44:15,7:45:35,7:46:10,7:47:35,7:48:20,7:49:55,7:50:25,7:51:40,7:52:15,7:53:45,7:54:25,7:56:00,7:56:30,7:58:35,7:59:25,8:04:50,8:05:25,8:07:15,8:07:40,8:10:40,8:11:05,8:13:10,8:13:45,8:15:50,8:16:25,,,,,,,,,
45,7:23:40,7:24:30,7:26:25,7:26:55,7:28:15,7:28:55,7:30:30,7:31:30,7:33:20,7:33:50,7:35:50,7:36:40,7:38:20,7:38:50,7:40:15,7:40:55,7:42:30,7:43:15,7:45:00,7:45:30,7:46:45,7:47:20,7:48:40,7:49:15,7:50:40,7:51:25,7:53:00,7:53:30,7:54:45,7:55:20,7:56:50,7:57:30,7:59:05,7:59:35,8:01:40,8:02:30,,,,,,,,,,,,,,,,,,,
47,7:26:00,7:27:40,7:29:35,7:30:05,7:31:25,7:32:05,7:33:40,7:34:40,7:36:30,7:37:00,7:39:00,7:39:50,7:41:30,7:42:00,7:43:25,7:44:05,7:45:40,7:46:25,7:48:10,7:48:40,7:49:55,7:50:30,7:51:50,7:52:25,7:53:50,7:54:35,7:56:10,7:56:40,7:57:55,7:58:30,8:00:00,8:00:40,8:02:15,8:02:45,8:04:50,8:05:40,8:11:05,8:11:40,8:13:30,8:13:55,8:16:55,8:17:20,8:19:25,8:20:00,8:22:05,8:22:40,,,,,,,,,
49,7:28:40,7:30:50,7:32:45,7:33:15,7:34:35,7:35:15,7:36:50,7:37:50,7:39:40,7:40:10,7:42:10,7:43:00,7:44:40,7:45:10,7:46:35,7:47:15,7:48:50,7:49:35,7:51:20,7:51:50,7:53:05,7:53:40,7:55:00,7:55:35,7:57:00,7:57:45,7:59:20,7:59:50,8:01:05,8:01:40,8:03:10,8:03:50,8:05:25,8:05:55,8:08:00,8:08:50,,,,,,,,,,,,,,,,,,,
51,7:32:25,7:34:00,7:35:55,7:36:25,7:37:45,7:38:25,7:40:00,7:41:00,7:42:50,7:43:20,7:45:20,7:46:10,7:47:50,7:48:20,7:49:45,7:50:25,7:52:00,7:52:45,7:54:30,7:55:00,7:56:15,7:56:50,7:58:10,7:58:45,8:00:10,8:00:55,8:02:30,8:03:00,8:04:15,8:04:50,8:06:20,8:07:00,8:08:35,8:09:05,8:11:10,8:12:00,8:17:25,8:18:00,8:19:50,8:20:15,8:23:15,8:23:40,8:25:45,8:26:20,8:28:25,8:29:00,,,,,,,,,
53,7:35:00,7:37:05,7:39:00,7:39:30,7:40:50,7:41:30,7:43:05,7:44:05,7:45:55,7:46:25,7:48:25,7:49:15,7:50:55,7:51:25,7:52:50,7:53:30,7:55:05,7:55:50,7:57:35,7:58:05,7:59:20,7:59:55,8:01:15,8:01:50,8:03:15,8:04:00,8:05:35,8:06:05,8:07:20,8:07:55,8:09:25,8:10:05,8:11:40,8:12:10,8:14:15,8:15:05,,,,,,,,,,,,,,,,,,,
55,7:38:00,7:40:40,7:42:35,7:43:05,7:44:25,7:45:05,7:46:40,7:47:40,7:49:30,7:50:00,7:52:00,7:52:50,7:54:30,7:55:00,7:56:25,7:57:05,7:58:40,7:59:25,8:01:10,8:01:40,8:02:55,8:03:30,8:04:50,8:05:25,8:06:50,8:07:35,8:09:10,8:09:40,8:10:55,8:11:30,8:13:00,8:13:40,8:15:15,8:15:45,8:17:50,8:18:40,8:24:05,8:24:40,8:26:30,8:26:55,8:29:55,8:30:20,8:32:25,8:33:00,8:35:05,8:35:40,,,,,,,,,
57,7:41:25,7:43:30,7:45:25,7:45:55,7:47:15,7:47:55,7:49:30,7:50:30,7:52:20,7:52:50,7:54:50,7:55:40,7:57:20,7:57:50,7:59:15,7:59:55,8:01:30,8:02:15,8:04:00,8:04:30,8:05:45,8:06:20,8:07:40,8:08:15,8:09:40,8:10:25,8:12:00,8:12:30,8:13:45,8:14:20,8:15:50,8:16:30,8:18:05,8:18:35,8:20:40,8:21:30,,,,,,,,,,,,,,,,,,,
59,7:44:25,7:46:40,7:48:35,7:49:05,7:50:25,7:51:05,7:52:40,7:53:40,7:55:30,7:56:00,7:58:00,7:58:50,8:00:30,8:01:00,8:02:25,8:03:05,8:04:40,8:05:25,8:07:10,8:07:40,8:08:55,8:09:30,8:10:50,8:11:25,8:12:50,8:13:35,8:15:10,8:15:40,8:16:55,8:17:30,8:19:00,8:19:40,8:21:15,8:21:45,8:23:50,8:24:40,8:30:05,8:30:40,8:32:30,8:32:55,8:35:55,8:36:20,8:38:25,8:39:00,8:41:05,8:41:40,,,,,,,,,
61,7:48:00,7:50:00,7:51:55,7:52:25,7:53:45,7:54:25,7:56:00,7:57:00,7:58:50,7:59:20,8:01:20,8:02:10,8:03:50,8:04:20,8:05:45,8:06:25,8:08:00,8:08:45,8:10:30,8:11:00,8:12:15,8:12:50,8:14:10,8:14:45,8:16:10,8:16:55,8:18:30,8:19:00,8:20:15,8:20:50,8:22:20,8:23:00,8:24:35,8:25:05,8:27:10,8:28:00,,,,,,,,,,,,,,,,,,,
63,7:51:45,7:53:00,7:54:55,7:55:25,7:56:45,7:57:25,7:59:00,8:00:00,8:01:50,8:02:20,8:04:20,8:05:10,8:06:50,8:07:20,8:08:45,8:09:25,8:11:00,8:11:45,8:13:30,8:14:00,8:15:15,8:15:50,8:17:10,8:17:45,8:19:10,8:19:55,8:21:30,8:22:00,8:23:15,8:23:50,8:25:20,8:26:00,8:27:35,8:28:05,8:30:10,8:31:00,8:36:25,8:37:00,8:38:50,8:39:15,8:42:15,8:42:40,8:44:45,8:45:20,8:47:25,8:48:00,,,,,,,,,
65,7:54:15,7:56:10,7:58:05,7:58:35,7:59:55,8:00:35,8:02:10,8:03:10,8:05:00,8:05:30,8:07:30,8:08:20,8:10:00,8:10:30,8:11:55,8:12:35,8:14:10,8:14:55,8:16:40,8:17:10,8:18:25,8:19:00,8:20:20,8:20:55,8:22:20,8:23:05,8:24:40,8:25:10,8:26:25,8:27:00,8:28:30,8:29:10,8:30:45,8:31:15,8:33:20,8:34:10,,,,,,,,,,,,,,,,,,,
67,7:57:40,7:59:20,8:01:15,8:01:45,8:03:05,8:03:45,8:05:20,8:06:20,8:08:10,8:08:40,8:10:40,8:11:30,8:13:10,8:13:40,8:15:05,8:15:45,8:17:20,8:18:05,8:19:50,8:20:20,8:21:35,8:22:10,8:23:30,8:24:05,8:25:30,8:26:15,8:27:50,8:28:20,8:29:35,8:30:10,8:31:40,8:32:20,8:33:55,8:34:25,8:36:30,8:37:20,8:42:45,8:43:20,8:45:10,8:45:35,8:48:35,8:49:00,8:51:05,8:51:40,8:53:45,8:54:20,,,,,,,,,
69,8:01:40,8:02:30,8:04:25,8:04:55,8:06:15,8:06:55,8:08:30,8:09:30,8:11:20,8:11:50,8:13:50,8:14:40,8:16:20,8:16:50,8:18:15,8:18:55,8:20:30,8:21:15,8:23:00,8:23:30,8:24:45,8:25:20,8:26:40,8:27:15,8:28:40,8:29:25,8:31:00,8:31:30,8:32:45,8:33:20,8:34:50,8:35:30,8:37:05,8:37:35,8:39:40,8:40:30,,,,,,,,,,,,,,,,,,,
71,8:04:00,8:05:40,8:07:35,8:08:05,8:09:25,8:10:05,8:11:40,8:12:40,8:14:30,8:15:00,8:17:00,8:17:50,8:19:30,8:20:00,8:21:25,8:22:05,8:23:40,8:24:25,8:26:10,8:26:40,8:27:55,8:28:30,8:29:50,8:30:25,8:31:50,8:32:35,8:34:10,8:34:40,8:35:55,8:36:30,8:38:00,8:38:40,8:40:15,8:40:45,8:42:50,8:43:40,8:49:05,8:49:40,8:51:30,8:51:55,8:54:55,8:55:20,8:57:25,8:58:00,9:00:05,9:00:40,,,,,,,,,
73,8:07:15,8:08:50,8:10:45,8:11:15,8:12:35,8:13:15,8:14:50,8:15:50,8:17:40,8:18:10,8:20:10,8:21:00,8:22:40,8:23:10,8:24:35,8:25:15,8:26:50,8:27:35,8:29:20,8:29:50,8:31:05,8:31:40,8:33:00,8:33:35,8:35:00,8:35:45,8:37:20,8:37:50,8:39:05,8:39:40,8:41:10,8:41:50,8:43:25,8:43:55,8:46:00,8:46:50,,,,,,,,,,,,,,,,,,,
75,8:10:40,8:12:00,8:13:55,8:14:25,8:15:45,8:16:25,8:18:00,8:19:00,8:20:50,8:21:20,8:23:20,8:24:10,8:25:50,8:26:20,8:27:45,8:28:25,8:30:00,8:30:45,8:32:30,8:33:00,8:34:15,8:34:50,8:36:10,8:36:45,8:38:10,8:38:55,8:40:30,8:41:00,8:42:15,8:42:50,8:44:20,8:45:00,8:46:35,8:47:05,8:49:10,8:50:00,8:55:25,8:56:00,8:57:50,8:58:15,9:01:15,9:01:40,9:03:45,9:04:20,9:06:25,9:07:00,,,,,,,,,
77,8:14:15,8:15:10,8:17:05,8:17:35,8:18:55,8:19:35,8:21:10,8:22:10,8:24:00,8:24:30,8:26:30,8:27:20,8:29:00,8:29:30,8:30:55,8:31:35,8:33:10,8:33:55,8:35:40,8:36:10,8:37:25,8:38:00,8:39:20,8:39:55,8:41:20,8:42:05,8:43:40,8:44:10,8:45:25,8:46:00,8:47:30,8:48:10,8:49:45,8:50:15,8:52:20,8:53:10,,,,,,,,,,,,,,,,,,,
79,8:16:50,8:18:25,8:20:20,8:20:50,8:22:10,8:22:50,8:24:25,8:25:25,8:27:15,8:27:45,8:29:45,8:30:35,8:32:15,8:32:45,8:34:10,8:34:50,8:36:25,8:37:10,8:38:55,8:39:25,8:40:40,8:41:15,8:42:35,8:43:10,8:44:35,8:45:20,8:46:55,8:47:25,8:48:40,8:49:15,8:50:45,8:51:25,8:53:00,8:53:30,8:55:35,8:56:25,9:01:50,9:02:25,9:04:15,9:04:40,9:07:40,9:08:05,9:10:10,9:10:45,9:12:50,9:13:25,,,,,,,,,
81,8:20:10,8:21:30,8:23:25,8:23:55,8:25:15,8:25:55,8:27:30,8:28:30,8:30:20,8:30:50,8:32:50,8:33:40,8:35:20,8:35:50,8:37:15,8:37:55,8:39:30,8:40:15,8:42:00,8:42:30,8:43:45,8:44:20,8:45:40,8:46:15,8:47:40,8:48:25,8:50:00,8:50:30,8:51:45,8:52:20,8:53:50,8:54:30,8:56:05,8:56:35,8:58:40,8:59:30,,,,,,,,,,,,,,,,,,,
83,8:23:15,8:24:35,8:26:30,8:27:00,8:28:20,8:29:00,8:30:35,8:31:35,8:33:25,8:33:55,8:35:55,8:36:45,8:38:25,8:38:55,8:40:20,8:41:00,8:42:35,8:43:20,8:45:05,8:45:35,8:46:50,8:47:25,8:48:45,8:49:20,8:50:45,8:51:30,8:53:05,8:53:35,8:54:50,8:55:25,8:56:55,8:57:35,8:59:10,8:59:40,9:01:45,9:02:35,9:08:00,9:08:35,9:10:25,9:10:50,9:13:50,9:14:15,9:16:20,9:16:55,9:19:00,9:19:35,,,,,,,,,
85,8:26:25,8:27:55,8:29:50,8:30:20,8:31:40,8:32:20,8:33:55,8:34:55,8:36:45,8:37:15,8:39:15,8:40:05,8:41:45,8:42:15,8:43:40,8:44:20,8:45:55,8:46:40,8:48:25,8:48:55,8:50:10,8:50:45,8:52:05,8:52:40,8:54:05,8:54:50,8:56:25,8:56:55,8:58:10,8:58:45,9:00:15,9:00:55,9:02:30,9:03:00,9:05:05,9:05:55,,,,,,,,,,,,,,,,,,,
87,8:29:35,8:30:55,8:32:50,8:33:20,8:34:40,8:35:20,8:36:55,8:37:55,8:39:45,8:40:15,8:42:15,8:43:05,8:44:45,8:45:15,8:46:40,8:47:20,8:48:55,8:49:40,8:51:25,8:51:55,8:53:10,8:53:45,8:55:05,8:55:40,8:57:05,8:57:50,8:59:25,8:59:55,9:01:10,9:01:45,9:03:15,9:03:55,9:05:30,9:06:00,9:08:05,9:08:55,9:14:20,9:14:55,9:16:45,9:17:10,9:20:10,9:20:35,9:22:40,9:23:15,9:25:20,9:25:55,,,,,,,,,
89,8:32:40,8:34:05,8:36:00,8:36:30,8:37:50,8:38:30,8:40:05,8:41:05,8:42:55,8:43:25,8:45:25,8:46:15,8:47:55,8:48:25,8:49:50,8:50:30,8:52:05,8:52:50,8:54:35,8:55:05,8:56:20,8:56:55,8:58:15,8:58:50,9:00:15,9:01:00,9:02:35,9:03:05,9:04:20,9:04:55,9:06:25,9:07:05,9:08:40,9:09:10,9:11:15,9:12:05,,,,,,,,,,,,,,,,,,,
91,8:35:55,8:37:20,8:39:15,8:39:45,8:41:05,8:41:45,8:43:20,8:44:20,8:46:10,8:46:40,8:48:40,8:49:30,8:51:10,8:51:40,8:53:05,8:53:45,8:55:20,8:56:05,8:57:50,8:58:20,8:59:35,9:00:10,9:01:30,9:02:05,9:03:30,9:04:15,9:05:50,9:06:20,9:07:35,9:08:10,9:09:40,9:10:20,9:11:55,9:12:25,9:14:30,9:15:20,9:20:45,9:21:20,9:23:10,9:23:35,9:26:35,9:27:00,9:29:05,9:29:40,9:31:45,9:32:20,,,,,,,,,
93,8:39:05,8:40:30,8:42:25,8:42:55,8:44:15,8:44:55,8:46:30,8:47:30,8:49:20,8:49:50,8:51:50,8:52:40,8:54:20,8:54:50,8:56:15,8:56:55,8:58:30,8:59:15,9:01:00,9:01:30,9:02:45,9:03:20,9:04:40,9:05:15,9:06:40,9:07:25,9:09:00,9:09:30,9:10:45,9:11:20,9:12:50,9:13:30,9:15:05,9:15:35,9:17:40,9:18:30,,,,,,,,,,,,,,,,,,,
95,8:42:00,8:43:45,8:45:40,8:46:10,8:47:30,8:48:10,8:49:45,8:50:45,8:52:35,8:53:05,8:55:05,8:55:55,8:57:35,8:58:05,8:59:30,9:00:10,9:01:45,9:02:30,9:04:15,9:04:45,9:06:00,9:06:35,9:07:55,9:08:30,9:09:55,9:10:40,9:12:15,9:12:45,9:14:00,9:14:35,9:16:05,9:16:45,9:18:20,9:18:50,9:20:55,9:21:45,9:27:10,9:27:45,9:29:35,9:30:00,9:33:00,9:33:25,9:35:30,9:36:05,9:38:10,9:38:45,,,,,,,,,
97,8:45:30,8:46:55,8:48:50,8:49:20,8:50:40,8:51:20,8:52:55,8:53:55,8:55:45,8:56:15,8:58:15,8:59:05,9:00:45,9:01:15,9:02:40,9:03:20,9:04:55,9:05:40,9:07:25,9:07:55,9:09:10,9:09:45,9:11:05,9:11:40,9:13:05,9:13:50,9:15:25,9:15:55,9:17:10,9:17:45,9:19:15,9:19:55,9:21:30,9:22:00,9:24:05,9:24:55,,,,,,,,,,,,,,,,,,,
99,8:48:35,8:50:00,8:51:55,8:52:25,8:53:45,8:54:25,8:56:00,8:57:00,8:58:50,8:59:20,9:01:20,9:02:10,9:03:50,9:04:20,9:05:45,9:06:25,9:08:00,9:08:45,9:10:30,9:11:00,9:12:15,9:12:50,9:14:10,9:14:45,9:16:10,9:16:55,9:18:30,9:19:00,9:20:15,9:20:50,9:22:20,9:23:00,9:24:35,9:25:05,9:27:10,9:28:00,9:33:25,9:34:00,9:35:50,9:36:15,9:39:15,9:39:40,9:41:45,9:42:20,9:44:25,9:45:00,,,,,,,,,
101,8:51:35,8:53:10,8:55:05,8:55:35,8:56:55,8:57:35,8:59:10,9:00:10,9:02:00,9:02:30,9:04:30,9:05:20,9:07:00,9:07:30,9:08:55,9:09:35,9:11:10,9:11:55,9:13:40,9:14:10,9:15:25,9:16:00,9:17:20,9:17:55,9:19:20,9:20:05,9:21:40,9:22:10,9:23:25,9:24:00,9:25:30,9:26:10,9:27:45,9:28:15,9:30:20,9:31:10,,,,,,,,,,,,,,,,,,,
103,8:54:50,8:56:20,8:58:15,8:58:45,9:00:05,9:00:45,9:02:20,9:03:20,9:05:10,9:05:40,9:07:40,9:08:30,9:10:10,9:10:40,9:12:05,9:12:45,9:14:20,9:15:05,9:16:50,9:17:20,9:18:35,9:19:10,9:20:30,9:21:05,9:22:30,9:23:15,9:24:50,9:25:20,9:26:35,9:27:10,9:28:40,9:29:20,9:30:55,9:31:25,9:33:30,9:34:20,9:39:45,9:40:20,9:42:10,9:42:35,9:45:35,9:46:00,9:48:05,9:48:40,9:50:45,9:51:20,,,,,,,,,
105,8:58:00,8:59:30,9:01:25,9:01:55,9:03:15,9:03:55,9:05:30,9:06:30,9:08:20,9:08:50,9:10:50,9:11:40,9:13:20,9:13:50,9:15:15,9:15:55,9:17:30,9:18:15,9:20:00,9:20:30,9:21:45,9:22:20,9:23:40,9:24:15,9:25:40,9:26:25,9:28:00,9:28:30,9:29:45,9:30:20,9:31:50,9:32:30,9:34:05,9:34:35,9:36:40,9:37:30,,,,,,,,,,,,,,,,,,,
107,9:01:05,9:02:40,9:04:35,9:05:05,9:06:25,9:07:05,9:08:40,9:09:40,9:11:30,9:12:00,9:14:00,9:14:50,9:16:30,9:17:00,9:18:25,9:19:05,9:20:40,9:21:25,9:23:10,9:23:40,9:24:55,9:25:30,9:26:50,9:27:25,9:28:50,9:29:35,9:31:10,9:31:40,9:32:55,9:33:30,9:35:00,9:35:40,9:37:15,9:37:45,9:39:50,9:40:40,9:46:05,9:46:40,9:48:30,9:48:55,9:51:55,9:52:20,9:54:25,9:55:00,9:57:05,9:57:40,,,,,,,,,
109,9:04:20,9:06:00,9:07:55,9:08:25,9:09:45,9:10:25,9:12:00,9:13:00,9:14:50,9:15:20,9:17:20,9:18:10,9:19:50,9:20:20,9:21:45,9:22:25,9:24:00,9:24:45,9:26:30,9:27:00,9:28:15,9:28:50,9:30:10,9:30:45,9:32:10,9:32:55,9:34:30,9:35:00,9:36:15,9:36:50,9:38:20,9:39:00,9:40:35,9:41:05,9:43:10,9:44:00,9:49:25,9:50:00,9:51:50,9:52:15,9:55:15,9:55:40,9:57:45,9:58:20,10:00:25,10:01:00,,,,,,,,,
111,9:07:35,9:09:00,9:10:55,9:11:25,9:12:45,9:13:25,9:15:00,9:16:00,9:17:50,9:18:20,9:20:20,9:21:10,9:22:50,9:23:20,9:24:45,9:25:25,9:27:00,9:27:45,9:29:30,9:30:00,9:31:15,9:31:50,9:33:10,9:33:45,9:35:10,9:35:55,9:37:30,9:38:00,9:39:15,9:39:50,9:41:20,9:42:00,9:43:35,9:44:05,9:46:10,9:47:00,9:52:25,9:53:00,9:54:50,9:55:15,9:58:15,9:58:40,10:00:45,10:01:20,10:03:25,10:04:00,,,,,,,,,
113,9:10:40,9:12:10,9:14:05,9:14:35,9:15:55,9:16:35,9:18:10,9:19:10,9:21:00,9:21:30,9:23:30,9:24:20,9:26:00,9:26:30,9:27:55,9:28:35,9:30:10,9:30:55,9:32:40,9:33:10,9:34:25,9:35:00,9:36:20,9:36:55,9:38:20,9:39:05,9:40:40,9:41:10,9:42:25,9:43:00,9:44:30,9:45:10,9:46:45,9:47:15,9:49:20,9:50:10,,,,,,,,,,,,,,,,,,,
115,9:13:50,9:15:20,9:17:15,9:17:45,9:19:05,9:19:45,9:21:20,9:22:20,9:24:10,9:24:40,9:26:40,9:27:30,9:29:10,9:29:40,9:31:05,9:31:45,9:33:20,9:34:05,9:35:50,9:36:20,9:37:35,9:38:10,9:39:30,9:40:05,9:41:30,9:42:15,9:43:50,9:44:20,9:45:35,9:46:10,9:47:40,9:48:20,9:49:55,9:50:25,9:52:30,9:53:20,9:58:45,9:59:20,10:01:10,10:01:35,10:04:35,10:05:00,10:07:05,10:07:40,10:09:45,10:10:20,,,,,,,,,
117,9:21:00,9:21:50,9:23:45,9:24:15,9:25:35,9:26:15,9:27:50,9:28:50,9:30:40,9:31:10,9:33:10,9:34:00,9:35:40,9:36:10,9:37:35,9:38:15,9:39:50,9:40:35,9:42:20,,,,,,,,,,,,,,,,,,,,,,,,,,,,,,,,,,,,
119,9:24:00,9:25:00,9:26:55,9:27:25,9:28:45,9:29:25,9:31:00,9:32:00,9:33:50,9:34:20,9:36:20,9:37:10,9:38:50,9:39:20,9:40:45,9:41:25,9:43:00,9:43:45,9:45:30,9:46:00,9:47:15,9:47:50,9:49:10,9:49:45,9:51:10,9:51:55,9:53:30,9:54:00,9:55:15,9:55:50,9:57:20,9:58:00,9:59:35,10:00:05,10:02:10,10:03:00,10:08:25,10:09:00,10:10:50,10:11:15,10:14:15,10:14:40,10:16:45,10:17:20,10:19:25,10:20:00,,,,,,,,,
121,9:27:00,9:28:20,9:30:15,9:30:45,9:32:05,9:32:45,9:34:20,9:35:20,9:37:10,9:37:40,9:39:40,9:40:30,9:42:10,9:42:40,9:44:05,9:44:45,9:46:20,9:47:05,9:48:50,9:49:20,9:50:35,9:51:10,9:52:30,9:53:05,9:54:30,9:55:15,9:56:50,9:57:20,9:58:35,9:59:10,10:00:40,10:01:20,10:02:55,10:03:25,10:05:30,10:06:20,,,,,,,,,,,,,,,,,,,
123,9:30:15,9:32:00,9:33:55,9:34:25,9:35:45,9:36:25,9:38:00,9:39:00,9:40:50,9:41:20,9:43:20,9:44:10,9:45:50,9:46:20,9:47:45,9:48:25,9:50:00,9:50:45,9:52:30,9:53:00,9:54:15,9:54:50,9:56:10,9:56:45,9:58:10,9:58:55,10:00:30,10:01:00,10:02:15,10:02:50,10:04:20,10:05:00,10:06:35,10:07:05,10:09:10,10:10:00,10:15:25,10:16:00,10:17:50,10:18:15,10:21:15,10:21:40,10:23:45,10:24:20,10:26:25,10:27:00,,,,,,,,,
125,9:33:25,9:35:15,9:37:10,9:37:40,9:39:00,9:39:40,9:41:15,9:42:15,9:44:05,9:44:35,9:46:35,9:47:25,9:49:05,9:49:35,9:51:00,9:51:40,9:53:15,9:54:00,9:55:45,9:56:15,9:57:30,9:58:05,9:59:25,10:00:00,10:01:25,10:02:10,10:03:45,10:04:15,10:05:30,10:06:05,10:07:35,10:08:15,10:09:50,10:10:20,10:12:25,10:13:15,10:18:40,10:19:15,10:21:05,10:21:30,10:24:30,10:24:55,10:27:00,10:27:35,10:29:40,10:30:15,,,,,,,,,
127,9:37:40,9:38:35,9:40:30,9:41:00,9:42:20,9:43:00,9:44:35,9:45:35,9:47:25,9:47:55,9:49:55,9:50:45,9:52:25,9:52:55,9:54:20,9:55:00,9:56:35,9:57:20,9:59:05,,,,,,,,,,,,,,,,,,,,,,,,,,,,,,,,,,,,
129,9:39:45,9:41:45,9:43:40,9:44:10,9:45:30,9:46:10,9:47:45,9:48:45,9:50:35,9:51:05,9:53:05,9:53:55,9:55:35,9:56:05,9:57:30,9:58:10,9:59:45,10:00:30,10:02:15,10:02:45,10:04:00,10:04:35,10:05:55,10:06:30,10:07:55,10:08:40,10:10:15,10:10:45,10:12:00,10:12:35,10:14:05,10:14:45,10:16:20,10:16:50,10:18:55,10:19:45,,,,,,,,,,,,,,,,,,,
131,9:42:50,9:44:55,9:46:50,9:47:20,9:48:40,9:49:20,9:50:55,9:51:55,9:53:45,9:54:15,9:56:15,9:57:05,9:58:45,9:59:15,10:00:40,10:01:20,10:02:55,10:03:40,10:05:25,10:05:55,10:07:10,10:07:45,10:09:05,10:09:40,10:11:05,10:11:50,10:13:25,10:13:55,10:15:10,10:15:45,10:17:15,10:17:55,10:19:30,10:20:00,10:22:05,10:22:55,10:28:20,10:28:55,10:30:45,10:31:10,10:34:10,10:34:35,10:36:40,10:37:15,10:39:20,10:39:55,,,,,,,,,
133,9:47:25,9:48:00,9:49:55,9:50:25,9:51:45,9:52:25,9:54:00,9:55:00,9:56:50,9:57:20,9:59:20,10:00:10,10:01:50,10:02:20,10:03:45,10:04:25,10:06:00,10:06:45,10:08:30,10:09:00,10:10:15,10:10:50,10:12:10,10:12:45,10:14:10,10:14:55,10:16:30,10:17:00,10:18:15,10:18:50,10:20:20,10:21:00,10:22:35,10:23:05,10:25:10,10:26:00,10:31:25,10:32:00,10:33:50,10:34:15,10:37:15,10:37:40,10:39:45,10:40:20,10:42:25,10:43:00,,,,,,,,,
135,9:49:10,9:51:05,9:53:00,9:53:30,9:54:50,9:55:30,9:57:05,9:58:05,9:59:55,10:00:25,10:02:25,10:03:15,10:04:55,10:05:25,10:06:50,10:07:30,10:09:05,10:09:50,10:11:35,10:12:05,10:13:20,10:13:55,10:15:15,10:15:50,10:17:15,10:18:00,10:19:35,10:20:05,10:21:20,10:21:55,10:23:25,10:24:05,10:25:40,10:26:10,10:28:15,10:29:05,,,,,,,,,,,,,,,,,,,
137,9:52:35,9:54:05,9:56:00,9:56:30,9:57:50,9:58:30,10:00:05,10:01:05,10:02:55,10:03:25,10:05:25,10:06:15,10:07:55,10:08:25,10:09:50,10:10:30,10:12:05,10:12:50,10:14:35,10:15:05,10:16:20,10:16:55,10:18:15,10:18:50,10:20:15,10:21:00,10:22:35,10:23:05,10:24:20,10:24:55,10:26:25,10:27:05,10:28:40,10:29:10,10:31:15,10:32:05,10:37:30,10:38:05,10:39:55,10:40:20,10:43:20,10:43:45,10:45:50,10:46:25,10:48:30,10:49:05,,,,,,,,,
139,9:56:15,9:56:55,9:58:50,9:59:20,10:00:40,10:01:20,10:02:55,10:03:55,10:05:45,10:06:15,10:08:15,10:09:05,10:10:45,10:11:15,10:12:40,10:13:20,10:14:55,10:15:40,10:17:25,,,,,,,,,,,,,,,,,,,,,,,,,,,,,,,,,,,,
141,10:00:20,10:00:20,10:02:15,10:02:45,10:04:05,10:04:45,10:06:20,10:07:20,10:09:10,10:09:40,10:11:40,10:12:30,10:14:10,10:14:40,10:16:05,10:16:45,10:18:20,10:19:05,10:20:50,10:21:20,10:22:35,10:23:10,10:24:30,10:25:05,10:26:30,10:27:15,10:28:50,10:29:20,10:30:35,10:31:10,10:32:40,10:33:20,10:34:55,10:35:25,10:37:30,10:38:20,,,,,,,,,,,,,,,,,,,
143,10:01:25,10:03:30,10:05:25,10:05:55,10:07:15,10:07:55,10:09:30,10:10:30,10:12:20,10:12:50,10:14:50,10:15:40,10:17:20,10:17:50,10:19:15,10:19:55,10:21:30,10:22:15,10:24:00,10:24:30,10:25:45,10:26:20,10:27:40,10:28:15,10:29:40,10:30:25,10:32:00,10:32:30,10:33:45,10:34:20,10:35:50,10:36:30,10:38:05,10:38:35,10:40:40,10:41:30,10:46:55,10:47:30,10:49:20,10:49:45,10:52:45,10:53:10,10:55:15,10:55:50,10:57:55,10:58:30,,,,,,,,,
145,10:05:40,10:06:40,10:08:35,10:09:05,10:10:25,10:11:05,10:12:40,10:13:40,10:15:30,10:16:00,10:18:00,10:18:50,10:20:30,10:21:00,10:22:25,10:23:05,10:24:40,10:25:25,10:27:10,,,,,,,,,,,,,,,,,,,,,,,,,,,,,,,,,,,,
147,10:07:55,10:10:00,10:11:55,10:12:25,10:13:45,10:14:25,10:16:00,10:17:00,10:18:50,10:19:20,10:21:20,10:22:10,10:23:50,10:24:20,10:25:45,10:26:25,10:28:00,10:28:45,10:30:30,10:31:00,10:32:15,10:32:50,10:34:10,10:34:45,10:36:10,10:36:55,10:38:30,10:39:00,10:40:15,10:40:50,10:42:20,10:43:00,10:44:35,10:45:05,10:47:10,10:48:00,10:53:25,10:54:00,10:55:50,10:56:15,10:59:15,10:59:40,11:01:45,11:02:20,11:04:25,11:05:00,,,,,,,,,
149,10:12:25,10:13:15,10:15:10,10:15:40,10:17:00,10:17:40,10:19:15,10:20:15,10:22:05,10:22:35,10:24:35,10:25:25,10:27:05,10:27:35,10:29:00,10:29:40,10:31:15,10:32:00,10:33:45,,,,,,,,,,,,,,,,,,,,,,,,,,,,,,,,,,,,
151,10:14:40,10:17:00,10:18:55,10:19:25,10:20:45,10:21:25,10:23:00,10:24:00,10:25:50,10:26:20,10:28:20,10:29:10,10:30:50,10:31:20,10:32:45,10:33:25,10:35:00,10:35:45,10:37:30,10:38:00,10:39:15,10:39:50,10:41:10,10:41:45,10:43:10,10:43:55,10:45:30,10:46:00,10:47:15,10:47:50,10:49:20,10:50:00,10:51:35,10:52:05,10:54:10,10:55:00,11:00:25,11:01:00,11:02:50,11:03:15,11:06:15,11:06:40,11:08:45,11:09:20,11:11:25,11:12:00,,,,,,,,,
153,10:17:50,10:20:40,10:22:35,10:23:05,10:24:25,10:25:05,10:26:40,10:27:40,10:29:30,10:30:00,10:32:00,10:32:50,10:34:30,10:35:00,10:36:25,10:37:05,10:38:40,10:39:25,10:41:10,10:41:40,10:42:55,10:43:30,10:44:50,10:45:25,10:46:50,10:47:35,10:49:10,10:49:40,10:50:55,10:51:30,10:53:00,10:53:40,10:55:15,10:55:45,10:57:50,10:58:40,,,,,,,,,,,,,,,,,,,
155,10:21:40,10:25:05,10:27:00,10:27:30,10:28:50,10:29:30,10:31:05,10:32:05,10:33:55,10:34:25,10:36:25,10:37:15,10:38:55,10:39:25,10:40:50,10:41:30,10:43:05,10:43:50,10:45:35,10:46:05,10:47:20,10:47:55,10:49:15,10:49:50,10:51:15,10:52:00,10:53:35,10:54:05,10:55:20,10:55:55,10:57:25,10:58:05,10:59:40,11:00:10,11:02:15,11:03:05,11:08:30,11:09:05,11:10:55,11:11:20,11:14:20,11:14:45,11:16:50,11:17:25,11:19:30,11:20:05,,,,,,,,,
157,10:26:45,10:30:00,10:31:55,10:32:25,10:33:45,10:34:25,10:36:00,10:37:00,10:38:50,10:39:20,10:41:20,10:42:10,10:43:50,10:44:20,10:45:45,10:46:25,10:48:00,10:48:45,10:50:30,10:51:00,10:52:15,10:52:50,10:54:10,10:54:45,10:56:10,10:56:55,10:58:30,10:59:00,11:00:15,11:00:50,11:02:20,11:03:00,11:04:35,11:05:05,11:07:10,11:08:00,,,,,,,,,,,,,,,,,,,
159,10:31:30,10:35:00,10:36:55,10:37:25,10:38:45,10:39:25,10:41:00,10:42:00,10:43:50,10:44:20,10:46:20,10:47:10,10:48:50,10:49:20,10:50:45,10:51:25,10:53:00,10:53:45,10:55:30,10:56:00,10:57:15,10:57:50,10:59:10,10:59:45,11:01:10,11:01:55,11:03:30,11:04:00,11:05:15,11:05:50,11:07:20,11:08:00,11:09:35,11:10:05,11:12:10,11:13:00,11:18:25,11:19:00,11:20:50,11:21:15,11:24:15,11:24:40,11:26:45,11:27:20,11:29:25,11:30:00,,,,,,,,,
161,10:36:45,10:40:05,10:42:00,10:42:30,10:43:50,10:44:30,10:46:05,10:47:05,10:48:55,10:49:25,10:51:25,10:52:15,10:53:55,10:54:25,10:55:50,10:56:30,10:58:05,10:58:50,11:00:35,11:01:05,11:02:20,11:02:55,11:04:15,11:04:50,11:06:15,11:07:00,11:08:35,11:09:05,11:10:20,11:10:55,11:12:25,11:13:05,11:14:40,11:15:10,11:17:15,11:18:05,,,,,,,,,,,,,,,,,,,
163,10:41:30,10:45:05,10:47:00,10:47:30,10:48:50,10:49:30,10:51:05,10:52:05,10:53:55,10:54:25,10:56:25,10:57:15,10:58:55,10:59:25,11:00:50,11:01:30,11:03:05,11:03:50,11:05:35,11:06:05,11:07:20,11:07:55,11:09:15,11:09:50,11:11:15,11:12:00,11:13:35,11:14:05,11:15:20,11:15:55,11:17:25,11:18:05,11:19:40,11:20:10,11:22:15,11:23:05,11:28:30,11:29:05,11:30:55,11:31:20,11:34:20,11:34:45,11:36:50,11:37:25,11:39:30,11:40:05,,,,,,,,,
165,10:46:50,10:50:05,10:52:00,10:52:30,10:53:50,10:54:30,10:56:05,10:57:05,10:58:55,10:59:25,11:01:25,11:02:15,11:03:55,11:04:25,11:05:50,11:06:30,11:08:05,11:08:50,11:10:35,11:11:05,11:12:20,11:12:55,11:14:15,11:14:50,11:16:15,11:17:00,11:18:35,11:19:05,11:20:20,11:20:55,11:22:25,11:23:05,11:24:40,11:25:10,11:27:15,11:28:05,,,,,,,,,,,,,,,,,,,
167,10:51:40,10:55:00,10:56:55,10:57:25,10:58:45,10:59:25,11:01:00,11:02:00,11:03:50,11:04:20,11:06:20,11:07:10,11:08:50,11:09:20,11:10:45,11:11:25,11:13:00,11:13:45,11:15:30,11:16:00,11:17:15,11:17:50,11:19:10,11:19:45,11:21:10,11:21:55,11:23:30,11:24:00,11:25:15,11:25:50,11:27:20,11:28:00,11:29:35,11:30:05,11:32:10,11:33:00,11:38:25,11:39:00,11:40:50,11:41:15,11:44:15,11:44:40,11:46:45,11:47:20,0.492650463,0.493055556,,,,,,,,,
169,10:57:50,11:00:00,11:01:55,11:02:25,11:03:45,11:04:25,11:06:00,11:07:00,11:08:50,11:09:20,11:11:20,11:12:10,11:13:50,11:14:20,11:15:45,11:16:25,11:18:00,11:18:45,11:20:30,11:21:00,11:22:15,11:22:50,11:24:10,11:24:45,11:26:10,11:26:55,11:28:30,11:29:00,11:30:15,11:30:50,11:32:20,11:33:00,11:34:35,11:35:05,11:37:10,11:38:00,,,,,,,,,,,,,,,,,,,
171,11:01:25,11:05:00,11:06:55,11:07:25,11:08:45,11:09:25,11:11:00,11:12:00,11:13:50,11:14:20,11:16:20,11:17:10,11:18:50,11:19:20,11:20:45,11:21:25,11:23:00,11:23:45,11:25:30,11:26:00,11:27:15,11:27:50,11:29:10,11:29:45,11:31:10,11:31:55,11:33:30,11:34:00,11:35:15,11:35:50,11:37:20,11:38:00,11:39:35,11:40:05,11:42:10,11:43:00,11:48:25,11:49:00,11:50:50,11:51:15,11:54:15,11:54:40,11:56:45,11:57:20,11:59:25,12:00:00,,,,,,,,,
173,11:06:30,11:10:00,11:11:55,11:12:25,11:13:45,11:14:25,11:16:00,11:17:00,11:18:50,11:19:20,11:21:20,11:22:10,11:23:50,11:24:20,11:25:45,11:26:25,11:28:00,11:28:45,11:30:30,11:31:00,11:32:15,11:32:50,11:34:10,11:34:45,11:36:10,11:36:55,11:38:30,11:39:00,11:40:15,11:40:50,11:42:20,11:43:00,11:44:35,11:45:05,11:47:10,11:48:00,,,,,,,,,,,,,,,,,,,
175,11:11:40,11:15:00,11:16:55,11:17:25,11:18:45,11:19:25,11:21:00,11:22:00,11:23:50,11:24:20,11:26:20,11:27:10,11:28:50,11:29:20,11:30:45,11:31:25,11:33:00,11:33:45,11:35:30,11:36:00,11:37:15,11:37:50,11:39:10,11:39:45,11:41:10,11:41:55,11:43:30,11:44:00,11:45:15,11:45:50,11:47:20,11:48:00,11:49:35,11:50:05,11:52:10,11:53:00,11:58:25,11:59:00,12:00:50,12:01:15,12:04:15,12:04:40,12:06:45,12:07:20,12:09:25,12:10:00,,,,,,,,,
177,11:16:40,11:20:05,11:22:00,11:22:30,11:23:50,11:24:30,11:26:05,11:27:05,11:28:55,11:29:25,11:31:25,11:32:15,11:33:55,11:34:25,11:35:50,11:36:30,11:38:05,11:38:50,11:40:35,11:41:05,11:42:20,11:42:55,11:44:15,11:44:50,11:46:15,11:47:00,11:48:35,11:49:05,11:50:20,11:50:55,11:52:25,11:53:05,11:54:40,11:55:10,11:57:15,11:58:05,,,,,,,,,,,,,,,,,,,
179,11:21:45,11:25:10,11:27:05,11:27:35,11:28:55,11:29:35,11:31:10,11:32:10,11:34:00,11:34:30,11:36:30,11:37:20,11:39:00,11:39:30,11:40:55,11:41:35,11:43:10,11:43:55,11:45:40,11:46:10,11:47:25,11:48:00,11:49:20,11:49:55,11:51:20,11:52:05,11:53:40,11:54:10,11:55:25,11:56:00,11:57:30,11:58:10,11:59:45,12:00:15,12:02:20,12:03:10,12:08:35,12:09:10,12:11:00,12:11:25,12:14:25,12:14:50,12:16:55,12:17:30,12:19:35,12:20:10,,,,,,,,,
181,11:26:50,11:30:10,11:32:05,11:32:35,11:33:55,11:34:35,11:36:10,11:37:10,11:39:00,11:39:30,11:41:30,11:42:20,11:44:00,11:44:30,11:45:55,11:46:35,11:48:10,11:48:55,11:50:40,11:51:10,11:52:25,11:53:00,11:54:20,11:54:55,11:56:20,11:57:05,11:58:40,11:59:10,12:00:25,12:01:00,12:02:30,12:03:10,12:04:45,12:05:15,12:07:20,12:08:10,,,,,,,,,,,,,,,,,,,
183,11:31:50,11:35:10,11:37:05,11:37:35,11:38:55,11:39:35,11:41:10,11:42:10,11:44:00,11:44:30,11:46:30,11:47:20,11:49:00,11:49:30,11:50:55,11:51:35,11:53:10,11:53:55,11:55:40,11:56:10,11:57:25,11:58:00,11:59:20,11:59:55,12:01:20,12:02:05,12:03:40,12:04:10,12:05:25,12:06:00,12:07:30,12:08:10,12:09:45,12:10:15,12:12:20,12:13:10,12:18:35,12:19:10,12:21:00,12:21:25,12:24:25,12:24:50,12:26:55,12:27:30,12:29:35,12:30:10,,,,,,,,,
185,11:36:25,11:40:00,11:41:55,11:42:25,11:43:45,11:44:25,11:46:00,11:47:00,11:48:50,11:49:20,11:51:20,11:52:10,11:53:50,11:54:20,11:55:45,11:56:25,11:58:00,11:58:45,12:00:30,12:01:00,12:02:15,12:02:50,12:04:10,12:04:45,12:06:10,12:06:55,12:08:30,12:09:00,12:10:15,12:10:50,12:12:20,12:13:00,12:14:35,12:15:05,12:17:10,12:18:00,,,,,,,,,,,,,,,,,,,
187,11:43:50,11:45:10,11:47:05,11:47:35,11:48:55,11:49:35,11:51:10,11:52:10,11:54:00,11:54:30,11:56:30,11:57:20,11:59:00,11:59:30,12:00:55,12:01:35,12:03:10,12:03:55,12:05:40,12:06:10,12:07:25,12:08:00,12:09:20,12:09:55,12:11:20,12:12:05,12:13:40,12:14:10,12:15:25,12:16:00,12:17:30,12:18:10,12:19:45,12:20:15,12:22:20,12:23:10,12:28:35,12:29:10,12:31:00,12:31:25,12:34:25,12:34:50,12:36:55,12:37:30,12:39:35,12:40:10,,,,,,,,,
189,11:46:40,11:50:10,11:52:05,11:52:35,11:53:55,11:54:35,11:56:10,11:57:10,11:59:00,11:59:30,12:01:30,12:02:20,12:04:00,12:04:30,12:05:55,12:06:35,12:08:10,12:08:55,12:10:40,12:11:10,12:12:25,12:13:00,12:14:20,12:14:55,12:16:20,12:17:05,12:18:40,12:19:10,12:20:25,12:21:00,12:22:30,12:23:10,12:24:45,12:25:15,12:27:20,12:28:10,,,,,,,,,,,,,,,,,,,
191,11:51:50,11:55:10,11:57:05,11:57:35,11:58:55,11:59:35,12:01:10,12:02:10,12:04:00,12:04:30,12:06:30,12:07:20,12:09:00,12:09:30,12:10:55,12:11:35,12:13:10,12:13:55,12:15:40,12:16:10,12:17:25,12:18:00,12:19:20,12:19:55,12:21:20,12:22:05,12:23:40,12:24:10,12:25:25,12:26:00,12:27:30,12:28:10,12:29:45,12:30:15,12:32:20,12:33:10,12:38:35,12:39:10,12:41:00,12:41:25,12:44:25,12:44:50,12:46:55,12:47:30,12:49:35,12:50:10,,,,,,,,,
193,11:56:59,12:00:00,12:01:55,12:02:25,12:03:45,12:04:25,12:06:00,12:07:00,12:08:50,12:09:20,12:11:20,12:12:10,12:13:50,12:14:20,12:15:45,12:16:25,12:18:00,12:18:45,12:20:30,12:21:00,12:22:15,12:22:50,12:24:10,12:24:45,12:26:10,12:26:55,12:28:30,12:29:00,12:30:15,12:30:50,12:32:20,12:33:00,12:34:35,12:35:05,12:37:10,12:38:00,,,,,,,,,,,,,,,,,,,
195,12:04:15,12:05:00,12:06:55,12:07:25,12:08:45,12:09:25,12:11:00,12:12:00,12:13:50,12:14:20,12:16:20,12:17:10,12:18:50,12:19:20,12:20:45,12:21:25,12:23:00,12:23:45,12:25:30,12:26:00,12:27:15,12:27:50,12:29:10,12:29:45,12:31:10,12:31:55,12:33:30,12:34:00,12:35:15,12:35:50,12:37:20,12:38:00,12:39:35,12:40:05,12:42:10,12:43:00,12:48:25,12:49:00,12:50:50,12:51:15,12:54:15,12:54:40,12:56:45,12:57:20,12:59:25,13:00:00,,,,,,,,,
197,12:06:40,12:10:00,12:11:55,12:12:25,12:13:45,12:14:25,12:16:00,12:17:00,12:18:50,12:19:20,12:21:20,12:22:10,12:23:50,12:24:20,12:25:45,12:26:25,12:28:00,12:28:45,12:30:30,12:31:00,12:32:15,12:32:50,12:34:10,12:34:45,12:36:10,12:36:55,12:38:30,12:39:00,12:40:15,12:40:50,12:42:20,12:43:00,12:44:35,12:45:05,12:47:10,12:48:00,,,,,,,,,,,,,,,,,,,
199,12:11:35,12:15:00,12:16:55,12:17:25,12:18:45,12:19:25,12:21:00,12:22:00,12:23:50,12:24:20,12:26:20,12:27:10,12:28:50,12:29:20,12:30:45,12:31:25,12:33:00,12:33:45,12:35:30,12:36:00,12:37:15,12:37:50,12:39:10,12:39:45,12:41:10,12:41:55,12:43:30,12:44:00,12:45:15,12:45:50,12:47:20,12:48:00,12:49:35,12:50:05,12:52:10,12:53:00,12:58:25,12:59:00,13:00:50,13:01:15,13:04:15,13:04:40,13:06:45,13:07:20,13:09:25,13:10:00,,,,,,,,,
201,12:16:40,12:20:05,12:22:00,12:22:30,12:23:50,12:24:30,12:26:05,12:27:05,12:28:55,12:29:25,12:31:25,12:32:15,12:33:55,12:34:25,12:35:50,12:36:30,12:38:05,12:38:50,12:40:35,12:41:05,12:42:20,12:42:55,12:44:15,12:44:50,12:46:15,12:47:00,12:48:35,12:49:05,12:50:20,12:50:55,12:52:25,12:53:05,12:54:40,12:55:10,12:57:15,12:58:05,,,,,,,,,,,,,,,,,,,
203,12:21:45,12:25:00,12:26:55,12:27:25,12:28:45,12:29:25,12:31:00,12:32:00,12:33:50,12:34:20,12:36:20,12:37:10,12:38:50,12:39:20,12:40:45,12:41:25,12:43:00,12:43:45,12:45:30,12:46:00,12:47:15,12:47:50,12:49:10,12:49:45,12:51:10,12:51:55,12:53:30,12:54:00,12:55:15,12:55:50,12:57:20,12:58:00,12:59:35,13:00:05,13:02:10,13:03:00,13:08:25,13:09:00,13:10:50,13:11:15,13:14:15,13:14:40,13:16:45,13:17:20,13:19:25,13:20:00,,,,,,,,,
205,12:26:50,12:30:05,12:32:00,12:32:30,12:33:50,12:34:30,12:36:05,12:37:05,12:38:55,12:39:25,12:41:25,12:42:15,12:43:55,12:44:25,12:45:50,12:46:30,12:48:05,12:48:50,12:50:35,12:51:05,12:52:20,12:52:55,12:54:15,12:54:50,12:56:15,12:57:00,12:58:35,12:59:05,13:00:20,13:00:55,13:02:25,13:03:05,13:04:40,13:05:10,13:07:15,13:08:05,,,,,,,,,,,,,,,,,,,
207,12:31:40,12:35:05,12:37:00,12:37:30,12:38:50,12:39:30,12:41:05,12:42:05,12:43:55,12:44:25,12:46:25,12:47:15,12:48:55,12:49:25,12:50:50,12:51:30,12:53:05,12:53:50,12:55:35,12:56:05,12:57:20,12:57:55,12:59:15,12:59:50,13:01:15,13:02:00,13:03:35,13:04:05,13:05:20,13:05:55,13:07:25,13:08:05,13:09:40,13:10:10,13:12:15,13:13:05,13:18:30,13:19:05,13:20:55,13:21:20,13:24:20,13:24:45,13:26:50,13:27:25,13:29:30,13:30:05,,,,,,,,,
209,12:36:50,12:40:10,12:42:05,12:42:35,12:43:55,12:44:35,12:46:10,12:47:10,12:49:00,12:49:30,12:51:30,12:52:20,12:54:00,12:54:30,12:55:55,12:56:35,12:58:10,12:58:55,13:00:40,13:01:10,13:02:25,13:03:00,13:04:20,13:04:55,13:06:20,13:07:05,13:08:40,13:09:10,13:10:25,13:11:00,13:12:30,13:13:10,13:14:45,13:15:15,13:17:20,13:18:10,,,,,,,,,,,,,,,,,,,
211,12:41:45,12:45:10,12:47:05,12:47:35,12:48:55,12:49:35,12:51:10,12:52:10,12:54:00,12:54:30,12:56:30,12:57:20,12:59:00,12:59:30,13:00:55,13:01:35,13:03:10,13:03:55,13:05:40,13:06:10,13:07:25,13:08:00,13:09:20,13:09:55,13:11:20,13:12:05,13:13:40,13:14:10,13:15:25,13:16:00,13:17:30,13:18:10,13:19:45,13:20:15,13:22:20,13:23:10,13:28:35,13:29:10,13:31:00,13:31:25,13:34:25,13:34:50,13:36:55,13:37:30,13:39:35,13:40:10,,,,,,,,,
213,12:46:35,12:50:10,12:52:05,12:52:35,12:53:55,12:54:35,12:56:10,12:57:10,12:59:00,12:59:30,13:01:30,13:02:20,13:04:00,13:04:30,13:05:55,13:06:35,13:08:10,13:08:55,13:10:40,13:11:10,13:12:25,13:13:00,13:14:20,13:14:55,13:16:20,13:17:05,13:18:40,13:19:10,13:20:25,13:21:00,13:22:30,13:23:10,13:24:45,13:25:15,13:27:20,13:28:10,,,,,,,,,,,,,,,,,,,
215,12:51:40,12:55:05,12:57:00,12:57:30,12:58:50,12:59:30,13:01:05,13:02:05,13:03:55,13:04:25,13:06:25,13:07:15,13:08:55,13:09:25,13:10:50,13:11:30,13:13:05,13:13:50,13:15:35,13:16:05,13:17:20,13:17:55,13:19:15,13:19:50,13:21:15,13:22:00,13:23:35,13:24:05,13:25:20,13:25:55,13:27:25,13:28:05,13:29:40,13:30:10,13:32:15,13:33:05,13:38:30,13:39:05,13:40:55,13:41:20,13:44:20,13:44:45,13:46:50,13:47:25,13:49:30,13:50:05,,,,,,,,,
217,12:56:50,13:00:00,13:01:55,13:02:25,13:03:45,13:04:25,13:06:00,13:07:00,13:08:50,13:09:20,13:11:20,13:12:10,13:13:50,13:14:20,13:15:45,13:16:25,13:18:00,13:18:45,13:20:30,13:21:00,13:22:15,13:22:50,13:24:10,13:24:45,13:26:10,13:26:55,13:28:30,13:29:00,13:30:15,13:30:50,13:32:20,13:33:00,13:34:35,13:35:05,13:37:10,13:38:00,,,,,,,,,,,,,,,,,,,
219,13:01:35,13:05:00,13:06:55,13:07:25,13:08:45,13:09:25,13:11:00,13:12:00,13:13:50,13:14:20,13:16:20,13:17:10,13:18:50,13:19:20,13:20:45,13:21:25,13:23:00,13:23:45,13:25:30,13:26:00,13:27:15,13:27:50,13:29:10,13:29:45,13:31:10,13:31:55,13:33:30,13:34:00,13:35:15,13:35:50,13:37:20,13:38:00,13:39:35,13:40:05,13:42:10,13:43:00,13:48:25,13:49:00,13:50:50,13:51:15,13:54:15,13:54:40,13:56:45,13:57:20,13:59:25,14:00:00,,,,,,,,,
221,13:06:30,13:10:00,13:11:55,13:12:25,13:13:45,13:14:25,13:16:00,13:17:00,13:18:50,13:19:20,13:21:20,13:22:10,13:23:50,13:24:20,13:25:45,13:26:25,13:28:00,13:28:45,13:30:30,13:31:00,13:32:15,13:32:50,13:34:10,13:34:45,13:36:10,13:36:55,13:38:30,13:39:00,13:40:15,13:40:50,13:42:20,13:43:00,13:44:35,13:45:05,13:47:10,13:48:00,,,,,,,,,,,,,,,,,,,
223,13:11:40,13:14:55,13:16:50,13:17:20,13:18:40,13:19:20,13:20:55,13:21:55,13:23:45,13:24:15,13:26:15,13:27:05,13:28:45,13:29:15,13:30:40,13:31:20,13:32:55,13:33:40,13:35:25,13:35:55,13:37:10,13:37:45,13:39:05,13:39:40,13:41:05,13:41:50,13:43:25,13:43:55,13:45:10,13:45:45,13:47:15,13:47:55,13:49:30,13:50:00,13:52:05,13:52:55,13:58:20,13:58:55,14:00:45,14:01:10,14:04:10,14:04:35,14:06:40,14:07:15,14:09:20,14:09:55,,,,,,,,,
225,13:16:30,13:19:55,13:21:50,13:22:20,13:23:40,13:24:20,13:25:55,13:26:55,13:28:45,13:29:15,13:31:15,13:32:05,13:33:45,13:34:15,13:35:40,13:36:20,13:37:55,13:38:40,13:40:25,13:40:55,13:42:10,13:42:45,13:44:05,13:44:40,13:46:05,13:46:50,13:48:25,13:48:55,13:50:10,13:50:45,13:52:15,13:52:55,13:54:30,13:55:00,13:57:05,13:57:55,,,,,,,,,,,,,,,,,,,
227,13:21:50,13:25:00,13:26:55,13:27:25,13:28:45,13:29:25,13:31:00,13:32:00,13:33:50,13:34:20,13:36:20,13:37:10,13:38:50,13:39:20,13:40:45,13:41:25,13:43:00,13:43:45,13:45:30,13:46:00,13:47:15,13:47:50,13:49:10,13:49:45,13:51:10,13:51:55,13:53:30,13:54:00,13:55:15,13:55:50,13:57:20,13:58:00,13:59:35,14:00:05,14:02:10,14:03:00,14:08:25,14:09:00,14:10:50,14:11:15,14:14:15,14:14:40,14:16:45,14:17:20,14:19:25,14:20:00,,,,,,,,,
229,13:26:50,13:30:05,13:32:00,13:32:30,13:33:50,13:34:30,13:36:05,13:37:05,13:38:55,13:39:25,13:41:25,13:42:15,13:43:55,13:44:25,13:45:50,13:46:30,13:48:05,13:48:50,13:50:35,13:51:05,13:52:20,13:52:55,13:54:15,13:54:50,13:56:15,13:57:00,13:58:35,13:59:05,14:00:20,14:00:55,14:02:25,14:03:05,14:04:40,14:05:10,14:07:15,14:08:05,,,,,,,,,,,,,,,,,,,
231,13:31:45,13:35:05,13:37:00,13:37:30,13:38:50,13:39:30,13:41:05,13:42:05,13:43:55,13:44:25,13:46:25,13:47:15,13:48:55,13:49:25,13:50:50,13:51:30,13:53:05,13:53:50,13:55:35,13:56:05,13:57:20,13:57:55,13:59:15,13:59:50,14:01:15,14:02:00,14:03:35,14:04:05,14:05:20,14:05:55,14:07:25,14:08:05,14:09:40,14:10:10,14:12:15,14:13:05,14:18:30,14:19:05,14:20:55,14:21:20,14:24:20,14:24:45,14:26:50,14:27:25,14:29:30,14:30:05,,,,,,,,,
233,13:36:35,13:40:10,13:42:05,13:42:35,13:43:55,13:44:35,13:46:10,13:47:10,13:49:00,13:49:30,13:51:30,13:52:20,13:54:00,13:54:30,13:55:55,13:56:35,13:58:10,13:58:55,14:00:40,14:01:10,14:02:25,14:03:00,14:04:20,14:04:55,14:06:20,14:07:05,14:08:40,14:09:10,14:10:25,14:11:00,14:12:30,14:13:10,14:14:45,14:15:15,14:17:20,14:18:10,,,,,,,,,,,,,,,,,,,
235,13:41:50,13:45:05,13:47:00,13:47:30,13:48:50,13:49:30,13:51:05,13:52:05,13:53:55,13:54:25,13:56:25,13:57:15,13:58:55,13:59:25,14:00:50,14:01:30,14:03:05,14:03:50,14:05:35,14:06:05,14:07:20,14:07:55,14:09:15,14:09:50,14:11:15,14:12:00,14:13:35,14:14:05,14:15:20,14:15:55,14:17:25,14:18:05,14:19:40,14:20:10,14:22:15,14:23:05,14:28:30,14:29:05,14:30:55,14:31:20,14:34:20,14:34:45,14:36:50,14:37:25,14:39:30,14:40:05,,,,,,,,,
237,13:46:50,13:50:10,13:52:05,13:52:35,13:53:55,13:54:35,13:56:10,13:57:10,13:59:00,13:59:30,14:01:30,14:02:20,14:04:00,14:04:30,14:05:55,14:06:35,14:08:10,14:08:55,14:10:40,14:11:10,14:12:25,14:13:00,14:14:20,14:14:55,14:16:20,14:17:05,14:18:40,14:19:10,14:20:25,14:21:00,14:22:30,14:23:10,14:24:45,14:25:15,14:27:20,14:28:10,,,,,,,,,,,,,,,,,,,
239,13:51:50,13:55:10,13:57:05,13:57:35,13:58:55,13:59:35,14:01:10,14:02:10,14:04:00,14:04:30,14:06:30,14:07:20,14:09:00,14:09:30,14:10:55,14:11:35,14:13:10,14:13:55,14:15:40,14:16:10,14:17:25,14:18:00,14:19:20,14:19:55,14:21:20,14:22:05,14:23:40,14:24:10,14:25:25,14:26:00,14:27:30,14:28:10,14:29:45,14:30:15,14:32:20,14:33:10,14:38:35,14:39:10,14:41:00,14:41:25,14:44:25,14:44:50,14:46:55,14:47:30,14:49:35,14:50:10,,,,,,,,,
241,13:56:50,14:00:00,14:01:55,14:02:25,14:03:45,14:04:25,14:06:00,14:07:00,14:08:50,14:09:20,14:11:20,14:12:10,14:13:50,14:14:20,14:15:45,14:16:25,14:18:00,14:18:45,14:20:30,14:21:00,14:22:15,14:22:50,14:24:10,14:24:45,14:26:10,14:26:55,14:28:30,14:29:00,14:30:15,14:30:50,14:32:20,14:33:00,14:34:35,14:35:05,14:37:10,14:38:00,,,,,,,,,,,,,,,,,,,
243,14:01:35,14:05:00,14:06:55,14:07:25,14:08:45,14:09:25,14:11:00,14:12:00,14:13:50,14:14:20,14:16:20,14:17:10,14:18:50,14:19:20,14:20:45,14:21:25,14:23:00,14:23:45,14:25:30,14:26:00,14:27:15,14:27:50,14:29:10,14:29:45,14:31:10,14:31:55,14:33:30,14:34:00,14:35:15,14:35:50,14:37:20,14:38:00,14:39:35,14:40:05,14:42:10,14:43:00,14:48:25,14:49:00,14:50:50,14:51:15,14:54:15,14:54:40,14:56:45,14:57:20,14:59:25,15:00:00,,,,,,,,,
245,14:06:40,14:10:00,14:11:55,14:12:25,14:13:45,14:14:25,14:16:00,14:17:00,14:18:50,14:19:20,14:21:20,14:22:10,14:23:50,14:24:20,14:25:45,14:26:25,14:28:00,14:28:45,14:30:30,14:31:00,14:32:15,14:32:50,14:34:10,14:34:45,14:36:10,14:36:55,14:38:30,14:39:00,14:40:15,14:40:50,14:42:20,14:43:00,14:44:35,14:45:05,14:47:10,14:48:00,,,,,,,,,,,,,,,,,,,
247,14:11:45,14:15:00,14:16:55,14:17:25,14:18:45,14:19:25,14:21:00,14:22:00,14:23:50,14:24:20,14:26:20,14:27:10,14:28:50,14:29:20,14:30:45,14:31:25,14:33:00,14:33:45,14:35:30,14:36:00,14:37:15,14:37:50,14:39:10,14:39:45,14:41:10,14:41:55,14:43:30,14:44:00,14:45:15,14:45:50,14:47:20,14:48:00,14:49:35,14:50:05,14:52:10,14:53:00,14:58:25,14:59:00,15:00:50,15:01:15,15:04:15,15:04:40,15:06:45,15:07:20,15:09:25,15:10:00,,,,,,,,,
249,14:16:45,14:20:05,14:22:00,14:22:30,14:23:50,14:24:30,14:26:05,14:27:05,14:28:55,14:29:25,14:31:25,14:32:15,14:33:55,14:34:25,14:35:50,14:36:30,14:38:05,14:38:50,14:40:35,14:41:05,14:42:20,14:42:55,14:44:15,14:44:50,14:46:15,14:47:00,14:48:35,14:49:05,14:50:20,14:50:55,14:52:25,14:53:05,14:54:40,14:55:10,14:57:15,14:58:05,,,,,,,,,,,,,,,,,,,
251,14:21:35,14:25:05,14:27:00,14:27:30,14:28:50,14:29:30,14:31:05,14:32:05,14:33:55,14:34:25,14:36:25,14:37:15,14:38:55,14:39:25,14:40:50,14:41:30,14:43:05,14:43:50,14:45:35,14:46:05,14:47:20,14:47:55,14:49:15,14:49:50,14:51:15,14:52:00,14:53:35,14:54:05,14:55:20,14:55:55,14:57:25,14:58:05,14:59:40,15:00:10,15:02:15,15:03:05,15:08:30,15:09:05,15:10:55,15:11:20,15:14:20,15:14:45,15:16:50,15:17:25,15:19:30,15:20:05,,,,,,,,,
253,14:26:50,14:30:05,14:32:00,14:32:30,14:33:50,14:34:30,14:36:05,14:37:05,14:38:55,14:39:25,14:41:25,14:42:15,14:43:55,14:44:25,14:45:50,14:46:30,14:48:05,14:48:50,14:50:35,14:51:05,14:52:20,14:52:55,14:54:15,14:54:50,14:56:15,14:57:00,14:58:35,14:59:05,15:00:20,15:00:55,15:02:25,15:03:05,15:04:40,15:05:10,15:07:15,15:08:05,,,,,,,,,,,,,,,,,,,
255,14:31:40,14:35:05,14:37:00,14:37:30,14:38:50,14:39:30,14:41:05,14:42:05,14:43:55,14:44:25,14:46:25,14:47:15,14:48:55,14:49:25,14:50:50,14:51:30,14:53:05,14:53:50,14:55:35,14:56:05,14:57:20,14:57:55,14:59:15,14:59:50,15:01:15,15:02:00,15:03:35,15:04:05,15:05:20,15:05:55,15:07:25,15:08:05,15:09:40,15:10:10,15:12:15,15:13:05,15:18:30,15:19:05,15:20:55,15:21:20,15:24:20,15:24:45,15:26:50,15:27:25,15:29:30,15:30:05,,,,,,,,,
257,14:36:40,14:40:10,14:42:05,14:42:35,14:43:55,14:44:35,14:46:10,14:47:10,14:49:00,14:49:30,14:51:30,14:52:20,14:54:00,14:54:30,14:55:55,14:56:35,14:58:10,14:58:55,15:00:40,15:01:10,15:02:25,15:03:00,15:04:20,15:04:55,15:06:20,15:07:05,15:08:40,15:09:10,15:10:25,15:11:00,15:12:30,15:13:10,15:14:45,15:15:15,15:17:20,15:18:10,,,,,,,,,,,,,,,,,,,
259,14:41:45,14:45:10,14:47:05,14:47:35,14:48:55,14:49:35,14:51:10,14:52:10,14:54:00,14:54:30,14:56:30,14:57:20,14:59:00,14:59:30,15:00:55,15:01:35,15:03:10,15:03:55,15:05:40,15:06:10,15:07:25,15:08:00,15:09:20,15:09:55,15:11:20,15:12:05,15:13:40,15:14:10,15:15:25,15:16:00,15:17:30,15:18:10,15:19:45,15:20:15,15:22:20,15:23:10,15:28:35,15:29:10,15:31:00,15:31:25,15:34:25,15:34:50,15:36:55,15:37:30,15:39:35,15:40:10,,,,,,,,,
261,14:46:45,14:50:10,14:52:05,14:52:35,14:53:55,14:54:35,14:56:10,14:57:10,14:59:00,14:59:30,15:01:30,15:02:20,15:04:00,15:04:30,15:05:55,15:06:35,15:08:10,15:08:55,15:10:40,15:11:10,15:12:25,15:13:00,15:14:20,15:14:55,15:16:20,15:17:05,15:18:40,15:19:10,15:20:25,15:21:00,15:22:30,15:23:10,15:24:45,15:25:15,15:27:20,15:28:10,,,,,,,,,,,,,,,,,,,
263,14:51:45,14:55:00,14:56:55,14:57:25,14:58:45,14:59:25,15:01:00,15:02:00,15:03:50,15:04:20,15:06:20,15:07:10,15:08:50,15:09:20,15:10:45,15:11:25,15:13:00,15:13:45,15:15:30,15:16:00,15:17:15,15:17:50,15:19:10,15:19:45,15:21:10,15:21:55,15:23:30,15:24:00,15:25:15,15:25:50,15:27:20,15:28:00,15:29:35,15:30:05,15:32:10,15:33:00,15:38:25,15:39:00,15:40:50,15:41:15,15:44:15,15:44:40,15:46:45,15:47:20,15:49:25,15:50:00,,,,,,,,,
265,14:56:40,15:00:00,15:01:55,15:02:25,15:03:45,15:04:25,15:06:00,15:07:00,15:08:50,15:09:20,15:11:20,15:12:10,15:13:50,15:14:20,15:15:45,15:16:25,15:18:00,15:18:45,15:20:30,15:21:00,15:22:15,15:22:50,15:24:10,15:24:45,15:26:10,15:26:55,15:28:30,15:29:00,15:30:15,15:30:50,15:32:20,15:33:00,15:34:35,15:35:05,15:37:10,15:38:00,,,,,,,,,,,,,,,,,,,
267,,,,,,,,,,,,,,,,,,,,,,,,,,,,,,,,,,,,,15:43:25,15:44:00,15:45:50,15:46:15,15:49:15,15:49:40,15:51:45,15:52:20,15:54:25,15:55:00,,,,,,,,,
269,15:01:30,15:05:00,15:06:55,15:07:25,15:08:45,15:09:25,15:11:00,15:12:00,15:13:50,15:14:20,15:16:20,15:17:10,15:18:50,15:19:20,15:20:45,15:21:25,15:23:00,15:23:45,15:25:30,15:26:00,15:27:15,15:27:50,15:29:10,15:29:45,15:31:10,15:31:55,15:33:30,15:34:00,15:35:15,15:35:50,15:37:20,15:38:00,15:39:35,15:40:05,15:42:10,15:43:00,15:48:25,15:49:00,15:50:50,15:51:15,15:54:15,15:54:40,15:56:45,15:57:20,15:59:25,16:00:00,,,,,,,,,
271,15:06:45,15:10:00,15:11:55,15:12:25,15:13:45,15:14:25,15:16:00,15:17:00,15:18:50,15:19:20,15:21:20,15:22:10,15:23:50,15:24:20,15:25:45,15:26:25,15:28:00,15:28:45,15:30:30,15:31:00,15:32:15,15:32:50,15:34:10,15:34:45,15:36:10,15:36:55,15:38:30,15:39:00,15:40:15,15:40:50,15:42:20,15:43:00,15:44:35,15:45:05,15:47:10,15:48:00,,,,,,,,,,,,,,,,,,,
273,,,,,,,,,,,,,,,,,,,,,,,,,,,,,,,,,,,,,15:53:05,15:54:00,15:55:50,15:56:15,15:59:15,15:59:40,16:01:45,16:02:20,16:04:25,16:05:00,,,,,,,,,
275,15:11:40,15:15:00,15:16:55,15:17:25,15:18:45,15:19:25,15:21:00,15:22:00,15:23:50,15:24:20,15:26:20,15:27:10,15:28:50,15:29:20,15:30:45,15:31:25,15:33:00,15:33:45,15:35:30,15:36:00,15:37:15,15:37:50,15:39:10,15:39:45,15:41:10,15:41:55,15:43:30,15:44:00,15:45:15,15:45:50,15:47:20,15:48:00,15:49:35,15:50:05,15:52:10,15:53:00,15:58:25,15:59:00,16:00:50,16:01:15,16:04:15,16:04:40,16:06:45,16:07:20,16:09:25,16:10:00,,,,,,,,,
277,15:16:40,15:20:00,15:21:55,15:22:25,15:23:45,15:24:25,15:26:00,15:27:00,15:28:50,15:29:20,15:31:20,15:32:10,15:33:50,15:34:20,15:35:45,15:36:25,15:38:00,15:38:45,15:40:30,15:41:00,15:42:15,15:42:50,15:44:10,15:44:45,15:46:10,15:46:55,15:48:30,15:49:00,15:50:15,15:50:50,15:52:20,15:53:00,15:54:35,15:55:05,15:57:10,15:58:00,,,,,,,,,,,,,,,,,,,
279,15:21:40,15:25:00,15:26:55,15:27:25,15:28:45,15:29:25,15:31:00,15:32:00,15:33:50,15:34:20,15:36:20,15:37:10,15:38:50,15:39:20,15:40:45,15:41:25,15:43:00,15:43:45,15:45:30,15:46:00,15:47:15,15:47:50,15:49:10,15:49:45,15:51:10,15:51:55,15:53:30,15:54:00,15:55:15,15:55:50,15:57:20,15:58:00,15:59:35,16:00:05,16:02:10,16:03:00,16:08:25,16:09:00,16:10:50,16:11:15,16:14:15,16:14:40,16:16:45,16:17:20,16:19:25,16:20:00,,,,,,,,,
281,15:26:40,15:30:00,15:31:55,15:32:25,15:33:45,15:34:25,15:36:00,15:37:00,15:38:50,15:39:20,15:41:20,15:42:10,15:43:50,15:44:20,15:45:45,15:46:25,15:48:00,15:48:45,15:50:30,15:51:00,15:52:15,15:52:50,15:54:10,15:54:45,15:56:10,15:56:55,15:58:30,15:59:00,16:00:15,16:00:50,16:02:20,16:03:00,16:04:35,16:05:05,16:07:10,16:08:00,,,,,,,,,,,,,,,,,,,
283,15:31:40,15:34:00,15:35:55,15:36:25,15:37:45,15:38:25,15:40:00,15:41:00,15:42:50,15:43:20,15:45:20,15:46:10,15:47:50,15:48:20,15:49:45,15:50:25,15:52:00,15:52:45,15:54:30,15:55:00,15:56:15,15:56:50,15:58:10,15:58:45,16:00:10,16:00:55,16:02:30,16:03:00,16:04:15,16:04:50,16:06:20,16:07:00,16:08:35,16:09:05,16:11:10,16:12:00,16:17:25,16:18:00,16:19:50,16:20:15,16:23:15,16:23:40,16:25:45,16:26:20,16:28:25,16:29:00,,,,,,,,,
285,,,,,,,,,,,,,,,,,,,,,16:00:00,16:00:30,16:01:50,16:02:25,16:03:50,16:04:35,16:06:10,16:06:40,16:07:55,16:08:30,16:10:00,16:10:40,16:12:15,16:12:45,16:14:50,16:15:40,16:21:05,16:21:40,16:23:30,16:23:55,16:26:55,16:27:20,16:29:25,16:30:00,16:32:05,16:32:40,,,,,,,,,
287,15:36:30,15:41:00,15:42:55,15:43:25,15:44:45,15:45:25,15:47:00,15:48:00,15:49:50,15:50:20,15:52:20,15:53:10,15:54:50,15:55:20,15:56:45,15:57:25,15:59:00,15:59:45,16:01:30,16:02:00,16:03:15,16:03:50,16:05:10,16:05:45,16:07:10,16:07:55,16:09:30,16:10:00,16:11:15,16:11:50,16:13:20,16:14:00,16:15:35,16:16:05,16:18:10,16:19:00,16:24:25,16:25:00,16:26:50,16:27:15,16:30:15,16:30:40,16:32:45,16:33:20,16:35:25,16:36:00,,,,,,,,,
289,15:42:10,15:45:20,15:47:15,15:47:45,15:49:05,15:49:45,15:51:20,15:52:20,15:54:10,15:54:40,15:56:40,15:57:30,15:59:10,15:59:40,16:01:05,16:01:45,16:03:20,16:04:05,16:05:50,16:06:20,16:07:35,16:08:10,16:09:30,16:10:05,16:11:30,16:12:15,16:13:50,16:14:20,16:15:35,16:16:10,16:17:40,16:18:20,16:19:55,16:20:25,16:22:30,16:23:20,16:28:45,16:29:20,16:31:10,16:31:35,16:34:35,16:35:00,16:37:05,16:37:40,16:39:45,16:40:20,,,,,,,,,
291,15:46:40,15:50:00,15:51:55,15:52:25,15:53:45,15:54:25,15:56:00,15:57:00,15:58:50,15:59:20,16:01:20,16:02:10,16:03:50,16:04:20,16:05:45,16:06:25,16:08:00,16:08:45,16:10:30,16:11:00,16:12:15,16:12:50,16:14:10,16:14:45,16:16:10,16:16:55,16:18:30,16:19:00,16:20:15,16:20:50,16:22:20,16:23:00,16:24:35,16:25:05,16:27:10,16:28:00,,,,,,,,,,,,,,,,,,,
293,,,,,,,,,,,,,,,,,,,,,,,,,,,,,,,,,,,,,16:33:20,16:34:00,16:35:50,16:36:15,16:39:15,16:39:40,16:41:45,16:42:20,16:44:25,16:45:00,,,,,,,,,
295,15:51:40,15:55:00,15:56:55,15:57:25,15:58:45,15:59:25,16:01:00,16:02:00,16:03:50,16:04:20,16:06:20,16:07:10,16:08:50,16:09:20,16:10:45,16:11:25,16:13:00,16:13:45,16:15:30,16:16:00,16:17:15,16:17:50,16:19:10,16:19:45,16:21:10,16:21:55,16:23:30,16:24:00,16:25:15,16:25:50,16:27:20,16:28:00,16:29:35,16:30:05,16:32:10,16:33:00,16:38:25,16:39:00,16:40:50,16:41:15,16:44:15,16:44:40,16:46:45,16:47:20,16:49:25,16:50:00,,,,,,,,,
297,15:56:40,16:00:00,16:01:55,16:02:25,16:03:45,16:04:25,16:06:00,16:07:00,16:08:50,16:09:20,16:11:20,16:12:10,16:13:50,16:14:20,16:15:45,16:16:25,16:18:00,16:18:45,16:20:30,16:21:00,16:22:15,16:22:50,16:24:10,16:24:45,16:26:10,16:26:55,16:28:30,16:29:00,16:30:15,16:30:50,16:32:20,16:33:00,16:34:35,16:35:05,16:37:10,16:38:00,,,,,,,,,,,,,,,,,,,
299,,,,,,,,,,,,,,,,,,,,,,,,,,,,,,,,,,,,,16:43:20,16:44:00,16:45:50,16:46:15,16:49:15,16:49:40,16:51:45,16:52:20,16:54:25,16:55:00,,,,,,,,,
301,16:01:40,16:05:00,16:06:55,16:07:25,16:08:45,16:09:25,16:11:00,16:12:00,16:13:50,16:14:20,16:16:20,16:17:10,16:18:50,16:19:20,16:20:45,16:21:25,16:23:00,16:23:45,16:25:30,16:26:00,16:27:15,16:27:50,16:29:10,16:29:45,16:31:10,16:31:55,16:33:30,16:34:00,16:35:15,16:35:50,16:37:20,16:38:00,16:39:35,16:40:05,16:42:10,16:43:00,16:48:25,16:49:00,16:50:50,16:51:15,16:54:15,16:54:40,16:56:45,16:57:20,16:59:25,17:00:00,,,,,,,,,
303,16:06:40,16:10:00,16:11:55,16:12:25,16:13:45,16:14:25,16:16:00,16:17:00,16:18:50,16:19:20,16:21:20,16:22:10,16:23:50,16:24:20,16:25:45,16:26:25,16:28:00,16:28:45,16:30:30,16:31:00,16:32:15,16:32:50,16:34:10,16:34:45,16:36:10,16:36:55,16:38:30,16:39:00,16:40:15,16:40:50,16:42:20,16:43:00,16:44:35,16:45:05,16:47:10,16:48:00,,,,,,,,,,,,,,,,,,,
305,16:11:40,16:15:00,16:16:55,16:17:25,16:18:45,16:19:25,16:21:00,16:22:00,16:23:50,16:24:20,16:26:20,16:27:10,16:28:50,16:29:20,16:30:45,16:31:25,16:33:00,16:33:45,16:35:30,16:36:00,16:37:15,16:37:50,16:39:10,16:39:45,16:41:10,16:41:55,16:43:30,16:44:00,16:45:15,16:45:50,16:47:20,16:48:00,16:49:35,16:50:05,16:52:10,16:53:00,16:58:25,16:59:00,17:00:50,17:01:15,17:04:15,17:04:40,17:06:45,17:07:20,17:09:25,17:10:00,,,,,,,,,
307,16:16:40,16:20:00,16:21:55,16:22:25,16:23:45,16:24:25,16:26:00,16:27:00,16:28:50,16:29:20,16:31:20,16:32:10,16:33:50,16:34:20,16:35:45,16:36:25,16:38:00,16:38:45,16:40:30,16:41:00,16:42:15,16:42:50,16:44:10,16:44:45,16:46:10,16:46:55,16:48:30,16:49:00,16:50:15,16:50:50,16:52:20,16:53:00,16:54:35,16:55:05,16:57:10,16:58:00,,,,,,,,,,,,,,,,,,,
309,16:21:40,16:24:00,16:25:55,16:26:25,16:27:45,16:28:25,16:30:00,16:31:00,16:32:50,16:33:20,16:35:20,16:36:10,16:37:50,16:38:20,16:39:45,16:40:25,16:42:00,16:42:45,16:44:30,16:45:00,16:46:15,16:46:50,16:48:10,16:48:45,16:50:10,16:50:55,16:52:30,16:53:00,16:54:15,16:54:50,16:56:20,16:57:00,16:58:35,16:59:05,17:01:10,17:02:00,17:07:25,17:08:00,17:09:50,17:10:15,17:13:15,17:13:40,17:15:45,17:16:20,17:18:25,17:19:00,,,,,,,,,
311,16:26:00,16:28:00,16:29:55,16:30:25,16:31:45,16:32:25,16:34:00,16:35:00,16:36:50,16:37:20,16:39:20,16:40:10,16:41:50,16:42:20,16:43:45,16:44:25,16:46:00,16:46:45,16:48:30,16:49:00,16:50:15,16:50:50,16:52:10,16:52:45,16:54:10,16:54:55,16:56:30,16:57:00,16:58:15,16:58:50,17:00:20,17:01:00,17:02:35,17:03:05,17:05:10,17:06:00,17:11:25,17:12:00,17:13:50,17:14:15,17:17:15,17:17:40,17:19:45,17:20:20,17:22:25,17:23:00,,,,,,,,,
313,16:29:15,16:31:35,16:33:30,16:34:00,16:35:20,16:36:00,16:37:35,16:38:35,16:40:25,16:40:55,16:42:55,16:43:45,16:45:25,16:45:55,16:47:20,16:48:00,16:49:35,16:50:20,16:52:05,16:52:35,16:53:50,16:54:25,16:55:45,16:56:20,16:57:45,16:58:30,17:00:05,17:00:35,17:01:50,17:02:25,17:03:55,17:04:35,17:06:10,17:06:40,17:08:45,17:09:35,,,,,,,,,,,,,,,,,,,
315,16:32:40,16:35:00,16:36:55,16:37:25,16:38:45,16:39:25,16:41:00,16:42:00,16:43:50,16:44:20,16:46:20,16:47:10,16:48:50,16:49:20,16:50:45,16:51:25,16:53:00,16:53:45,16:55:30,16:56:00,16:57:15,16:57:50,16:59:10,16:59:45,17:01:10,17:01:55,17:03:30,17:04:00,17:05:15,17:05:50,17:07:20,17:08:00,17:09:35,17:10:05,17:12:10,17:13:00,17:18:25,17:19:00,17:20:50,17:21:15,17:24:15,17:24:40,17:26:45,17:27:20,17:29:25,17:30:00,,,,,,,,,
317,16:36:40,16:38:30,16:40:25,16:40:55,16:42:15,16:42:55,16:44:30,16:45:30,16:47:20,16:47:50,16:49:50,16:50:40,16:52:20,16:52:50,16:54:15,16:54:55,16:56:30,16:57:15,16:59:00,16:59:30,17:00:45,17:01:20,17:02:40,17:03:15,17:04:40,17:05:25,17:07:00,17:07:30,17:08:45,17:09:20,17:10:50,17:11:30,17:13:05,17:13:35,17:15:40,17:16:30,,,,,,,,,,,,,,,,,,,
319,16:40:00,16:42:00,16:43:55,16:44:25,16:45:45,16:46:25,16:48:00,16:49:00,16:50:50,16:51:20,16:53:20,16:54:10,16:55:50,16:56:20,16:57:45,16:58:25,17:00:00,17:00:45,17:02:30,17:03:00,17:04:15,17:04:50,17:06:10,17:06:45,17:08:10,17:08:55,17:10:30,17:11:00,17:12:15,17:12:50,17:14:20,17:15:00,17:16:35,17:17:05,17:19:10,17:20:00,17:25:25,17:26:00,17:27:50,17:28:15,17:31:15,17:31:40,17:33:45,17:34:20,17:36:25,17:37:00,,,,,,,,,
321,16:43:40,16:45:35,16:47:30,16:48:00,16:49:20,16:50:00,16:51:35,16:52:35,16:54:25,16:54:55,16:56:55,16:57:45,16:59:25,16:59:55,17:01:20,17:02:00,17:03:35,17:04:20,17:06:05,17:06:35,17:07:50,17:08:25,17:09:45,17:10:20,17:11:45,17:12:30,17:14:05,17:14:35,17:15:50,17:16:25,17:17:55,17:18:35,17:20:10,17:20:40,17:22:45,17:23:35,,,,,,,,,,,,,,,,,,,
323,16:46:20,16:49:00,16:50:55,16:51:25,16:52:45,16:53:25,16:55:00,16:56:00,16:57:50,16:58:20,17:00:20,17:01:10,17:02:50,17:03:20,17:04:45,17:05:25,17:07:00,17:07:45,17:09:30,17:10:00,17:11:15,17:11:50,17:13:10,17:13:45,17:15:10,17:15:55,17:17:30,17:18:00,17:19:15,17:19:50,17:21:20,17:22:00,17:23:35,17:24:05,17:26:10,17:27:00,17:32:25,17:33:00,17:34:50,17:35:15,17:38:15,17:38:40,17:40:45,17:41:20,17:43:25,17:44:00,,,,,,,,,
325,16:51:10,16:52:30,16:54:25,16:54:55,16:56:15,16:56:55,16:58:30,16:59:30,17:01:20,17:01:50,17:03:50,17:04:40,17:06:20,17:06:50,17:08:15,17:08:55,17:10:30,17:11:15,17:13:00,17:13:30,17:14:45,17:15:20,17:16:40,17:17:15,17:18:40,17:19:25,17:21:00,17:21:30,17:22:45,17:23:20,17:24:50,17:25:30,17:27:05,17:27:35,17:29:40,17:30:30,,,,,,,,,,,,,,,,,,,
327,16:54:00,16:56:00,16:57:55,16:58:25,16:59:45,17:00:25,17:02:00,17:03:00,17:04:50,17:05:20,17:07:20,17:08:10,17:09:50,17:10:20,17:11:45,17:12:25,17:14:00,17:14:45,17:16:30,17:17:00,17:18:15,17:18:50,17:20:10,17:20:45,17:22:10,17:22:55,17:24:30,17:25:00,17:26:15,17:26:50,17:28:20,17:29:00,17:30:35,17:31:05,17:33:10,17:34:00,17:39:25,17:40:00,17:41:50,17:42:15,17:45:15,17:45:40,17:47:45,17:48:20,17:50:25,17:51:00,,,,,,,,,
329,16:57:40,16:59:35,17:01:30,17:02:00,17:03:20,17:04:00,17:05:35,17:06:35,17:08:25,17:08:55,17:10:55,17:11:45,17:13:25,17:13:55,17:15:20,17:16:00,17:17:35,17:18:20,17:20:05,17:20:35,17:21:50,17:22:25,17:23:45,17:24:20,17:25:45,17:26:30,17:28:05,17:28:35,17:29:50,17:30:25,17:31:55,17:32:35,17:34:10,17:34:40,17:36:45,17:37:35,,,,,,,,,,,,,,,,,,,
331,17:01:40,17:03:00,17:04:55,17:05:25,17:06:45,17:07:25,17:09:00,17:10:00,17:11:50,17:12:20,17:14:20,17:15:10,17:16:50,17:17:20,17:18:45,17:19:25,17:21:00,17:21:45,17:23:30,17:24:00,17:25:15,17:25:50,17:27:10,17:27:45,17:29:10,17:29:55,17:31:30,17:32:00,17:33:15,17:33:50,17:35:20,17:36:00,17:37:35,17:38:05,17:40:10,17:41:00,17:46:25,17:47:00,17:48:50,17:49:15,17:52:15,17:52:40,17:54:45,17:55:20,17:57:25,17:58:00,,,,,,,,,
333,17:05:25,17:06:30,17:08:25,17:08:55,17:10:15,17:10:55,17:12:30,17:13:30,17:15:20,17:15:50,17:17:50,17:18:40,17:20:20,17:20:50,17:22:15,17:22:55,17:24:30,17:25:15,17:27:00,17:27:30,17:28:45,17:29:20,17:30:40,17:31:15,17:32:40,17:33:25,17:35:00,17:35:30,17:36:45,17:37:20,17:38:50,17:39:30,17:41:05,17:41:35,17:43:40,17:44:30,,,,,,,,,,,,,,,,,,,
335,17:08:00,17:10:00,17:11:55,17:12:25,17:13:45,17:14:25,17:16:00,17:17:00,17:18:50,17:19:20,17:21:20,17:22:10,17:23:50,17:24:20,17:25:45,17:26:25,17:28:00,17:28:45,17:30:30,17:31:00,17:32:15,17:32:50,17:34:10,17:34:45,17:36:10,17:36:55,17:38:30,17:39:00,17:40:15,17:40:50,17:42:20,17:43:00,17:44:35,17:45:05,17:47:10,17:48:00,17:53:25,17:54:00,17:55:50,17:56:15,17:59:15,17:59:40,18:01:45,18:02:20,18:04:25,18:05:00,,,,,,,,,
337,17:12:30,17:13:10,17:15:05,17:15:35,17:16:55,17:17:35,17:19:10,17:20:10,17:22:00,17:22:30,17:24:30,17:25:20,17:27:00,17:27:30,17:28:55,17:29:35,17:31:10,17:31:55,17:33:40,17:34:10,17:35:25,17:36:00,17:37:20,17:37:55,17:39:20,17:40:05,17:41:40,17:42:10,17:43:25,17:44:00,17:45:30,17:46:10,17:47:45,17:48:15,17:50:20,17:51:10,,,,,,,,,,,,,,,,,,,
339,17:16:00,17:17:00,17:18:55,17:19:25,17:20:45,17:21:25,17:23:00,17:24:00,17:25:50,17:26:20,17:28:20,17:29:10,17:30:50,17:31:20,17:32:45,17:33:25,17:35:00,17:35:45,17:37:30,17:38:00,17:39:15,17:39:50,17:41:10,17:41:45,17:43:10,17:43:55,17:45:30,17:46:00,17:47:15,17:47:50,17:49:20,17:50:00,17:51:35,17:52:05,17:54:10,17:55:00,18:00:25,18:01:00,18:02:50,18:03:15,18:06:15,18:06:40,18:08:45,18:09:20,18:11:25,18:12:00,,,,,,,,,
341,17:18:40,17:20:35,17:22:30,17:23:00,17:24:20,17:25:00,17:26:35,17:27:35,17:29:25,17:29:55,17:31:55,17:32:45,17:34:25,17:34:55,17:36:20,17:37:00,17:38:35,17:39:20,17:41:05,17:41:35,17:42:50,17:43:25,17:44:45,17:45:20,17:46:45,17:47:30,17:49:05,17:49:35,17:50:50,17:51:25,17:52:55,17:53:35,17:55:10,17:55:40,17:57:45,17:58:35,,,,,,,,,,,,,,,,,,,
343,17:22:35,17:24:15,17:26:10,17:26:40,17:28:00,17:28:40,17:30:15,17:31:15,17:33:05,17:33:35,17:35:35,17:36:25,17:38:05,17:38:35,17:40:00,17:40:40,17:42:15,17:43:00,17:44:45,17:45:15,17:46:30,17:47:05,17:48:25,17:49:00,17:50:25,17:51:10,17:52:45,17:53:15,17:54:30,17:55:05,17:56:35,17:57:15,17:58:50,17:59:20,18:01:25,18:02:15,18:07:40,18:08:15,18:10:05,18:10:30,18:13:30,18:13:55,18:16:00,18:16:35,18:18:40,18:19:15,,,,,,,,,
345,17:26:40,17:27:30,17:29:25,17:29:55,17:31:15,17:31:55,17:33:30,17:34:30,17:36:20,17:36:50,17:38:50,17:39:40,17:41:20,17:41:50,17:43:15,17:43:55,17:45:30,17:46:15,17:48:00,17:48:30,17:49:45,17:50:20,17:51:40,17:52:15,17:53:40,17:54:25,17:56:00,17:56:30,17:57:45,17:58:20,17:59:50,18:00:30,18:02:05,18:02:35,18:04:40,18:05:30,,,,,,,,,,,,,,,,,,,
347,17:30:00,17:31:00,17:32:55,17:33:25,17:34:45,17:35:25,17:37:00,17:38:00,17:39:50,17:40:20,17:42:20,17:43:10,17:44:50,17:45:20,17:46:45,17:47:25,17:49:00,17:49:45,17:51:30,17:52:00,17:53:15,17:53:50,17:55:10,17:55:45,17:57:10,17:57:55,17:59:30,18:00:00,18:01:15,18:01:50,18:03:20,18:04:00,18:05:35,18:06:05,18:08:10,18:09:00,18:14:25,18:15:00,18:16:50,18:17:15,18:20:15,18:20:40,18:22:45,18:23:20,18:25:25,18:26:00,,,,,,,,,
349,17:33:40,17:34:35,17:36:30,17:37:00,17:38:20,17:39:00,17:40:35,17:41:35,17:43:25,17:43:55,17:45:55,17:46:45,17:48:25,17:48:55,17:50:20,17:51:00,17:52:35,17:53:20,17:55:05,17:55:35,17:56:50,17:57:25,17:58:45,17:59:20,18:00:45,18:01:30,18:03:05,18:03:35,18:04:50,18:05:25,18:06:55,18:07:35,18:09:10,18:09:40,18:11:45,18:12:35,,,,,,,,,,,,,,,,,,,
351,17:37:00,17:38:00,17:39:55,17:40:25,17:41:45,17:42:25,17:44:00,17:45:00,17:46:50,17:47:20,17:49:20,17:50:10,17:51:50,17:52:20,17:53:45,17:54:25,17:56:00,17:56:45,17:58:30,17:59:00,18:00:15,18:00:50,18:02:10,18:02:45,18:04:10,18:04:55,18:06:30,18:07:00,18:08:15,18:08:50,18:10:20,18:11:00,18:12:35,18:13:05,18:15:10,18:16:00,18:21:25,18:22:00,18:23:50,18:24:15,18:27:15,18:27:40,18:29:45,18:30:20,18:32:25,18:33:00,,,,,,,,,
353,17:40:40,17:41:35,17:43:30,17:44:00,17:45:20,17:46:00,17:47:35,17:48:35,17:50:25,17:50:55,17:52:55,17:53:45,17:55:25,17:55:55,17:57:20,17:58:00,17:59:35,18:00:20,18:02:05,18:02:35,18:03:50,18:04:25,18:05:45,18:06:20,18:07:45,18:08:30,18:10:05,18:10:35,18:11:50,18:12:25,18:13:55,18:14:35,18:16:10,18:16:40,18:18:45,18:19:35,,,,,,,,,,,,,,,,,,,
355,17:44:00,17:45:00,17:46:55,17:47:25,17:48:45,17:49:25,17:51:00,17:52:00,17:53:50,17:54:20,17:56:20,17:57:10,17:58:50,17:59:20,18:00:45,18:01:25,18:03:00,18:03:45,18:05:30,18:06:00,18:07:15,18:07:50,18:09:10,18:09:45,18:11:10,18:11:55,18:13:30,18:14:00,18:15:15,18:15:50,18:17:20,18:18:00,18:19:35,18:20:05,18:22:10,18:23:00,18:28:25,18:29:00,18:30:50,18:31:15,18:34:15,18:34:40,18:36:45,18:37:20,18:39:25,18:40:00,,,,,,,,,
357,17:47:45,17:48:35,17:50:30,17:51:00,17:52:20,17:53:00,17:54:35,17:55:35,17:57:25,17:57:55,17:59:55,18:00:45,18:02:25,18:02:55,18:04:20,18:05:00,18:06:35,18:07:20,18:09:05,18:09:35,18:10:50,18:11:25,18:12:45,18:13:20,18:14:45,18:15:30,18:17:05,18:17:35,18:18:50,18:19:25,18:20:55,18:21:35,18:23:10,18:23:40,18:25:45,18:26:35,,,,,,,,,,,,,,,,,,,
359,17:51:25,17:52:00,17:53:55,17:54:25,17:55:45,17:56:25,17:58:00,17:59:00,18:00:50,18:01:20,18:03:20,18:04:10,18:05:50,18:06:20,18:07:45,18:08:25,18:10:00,18:10:45,18:12:30,18:13:00,18:14:15,18:14:50,18:16:10,18:16:45,18:18:10,18:18:55,18:20:30,18:21:00,18:22:15,18:22:50,18:24:20,18:25:00,18:26:35,18:27:05,18:29:10,18:30:00,18:35:25,18:36:00,18:37:50,18:38:15,18:41:15,18:41:40,18:43:45,18:44:20,18:46:25,18:47:00,,,,,,,,,
361,17:54:45,17:55:35,17:57:30,17:58:00,17:59:20,18:00:00,18:01:35,18:02:35,18:04:25,18:04:55,18:06:55,18:07:45,18:09:25,18:09:55,18:11:20,18:12:00,18:13:35,18:14:20,18:16:05,18:16:35,18:17:50,18:18:25,18:19:45,18:20:20,18:21:45,18:22:30,18:24:05,18:24:35,18:25:50,18:26:25,18:27:55,18:28:35,18:30:10,18:30:40,18:32:45,18:33:35,,,,,,,,,,,,,,,,,,,
363,17:58:00,17:59:00,18:00:55,18:01:25,18:02:45,18:03:25,18:05:00,18:06:00,18:07:50,18:08:20,18:10:20,18:11:10,18:12:50,18:13:20,18:14:45,18:15:25,18:17:00,18:17:45,18:19:30,18:20:00,18:21:15,18:21:50,18:23:10,18:23:45,18:25:10,18:25:55,18:27:30,18:28:00,18:29:15,18:29:50,18:31:20,18:32:00,18:33:35,18:34:05,18:36:10,18:37:00,18:42:25,18:43:00,18:44:50,18:45:15,18:48:15,18:48:40,18:50:45,18:51:20,18:53:25,18:54:00,,,,,,·,,· ·,················
365,18:01:35,18:02:35,18:04:30,18:05:00,18:06:20,18:07:00,18:08:35,18:09:35,18:11:25,18:11:55,18:13:55,18:14:45,18:16:25,18:16:55,18:18:20,18:19:00,18:20:35,18:21:20,18:23:05,18:23:35,18:24:50,18:25:25,18:26:45,18:27:20,18:28:45,18:29:30,18:31:05,18:31:35,18:32:50,18:33:25,18:34:55,18:35:35,18:37:10,18:37:40,18:39:45,18:40:35,,,,,,,,,,,,,,,,,,,
367,18:05:15,18:06:00,18:07:55,18:08:25,18:09:45,18:10:25,18:12:00,18:13:00,18:14:50,18:15:20,18:17:20,18:18:10,18:19:50,18:20:20,18:21:45,18:22:25,18:24:00,18:24:45,18:26:30,18:27:00,18:28:15,18:28:50,18:30:10,18:30:45,18:32:10,18:32:55,18:34:30,18:35:00,18:36:15,18:36:50,18:38:20,18:39:00,18:40:35,18:41:05,18:43:10,18:44:00,18:49:25,18:50:00,18:51:50,18:52:15,18:55:15,18:55:40,18:57:45,18:58:20,19:00:25,19:01:00,,,,,,,,,
369,18:08:40,18:09:35,18:11:30,18:12:00,18:13:20,18:14:00,18:15:35,18:16:35,18:18:25,18:18:55,18:20:55,18:21:45,18:23:25,18:23:55,18:25:20,18:26:00,18:27:35,18:28:20,18:30:05,18:30:35,18:31:50,18:32:25,18:33:45,18:34:20,18:35:45,18:36:30,18:38:05,18:38:35,18:39:50,18:40:25,18:41:55,18:42:35,18:44:10,18:44:40,18:46:45,18:47:35,,,,,,,,,,,,,,,,,,,
371,18:12:00,18:13:00,18:14:55,18:15:25,18:16:45,18:17:25,18:19:00,18:20:00,18:21:50,18:22:20,18:24:20,18:25:10,18:26:50,18:27:20,18:28:45,18:29:25,18:31:00,18:31:45,18:33:30,18:34:00,18:35:15,18:35:50,18:37:10,18:37:45,18:39:10,18:39:55,18:41:30,18:42:00,18:43:15,18:43:50,18:45:20,18:46:00,18:47:35,18:48:05,18:50:10,18:51:00,18:56:25,18:57:00,18:58:50,18:59:15,19:02:15,19:02:40,19:04:45,19:05:20,19:07:25,19:08:00,,,,,,,,,
373,18:15:45,18:16:30,18:18:25,18:18:55,18:20:15,18:20:55,18:22:30,18:23:30,18:25:20,18:25:50,18:27:50,18:28:40,18:30:20,18:30:50,18:32:15,18:32:55,18:34:30,18:35:15,18:37:00,18:37:30,18:38:45,18:39:20,18:40:40,18:41:15,18:42:40,18:43:25,18:45:00,18:45:30,18:46:45,18:47:20,18:48:50,18:49:30,18:51:05,18:51:35,18:53:40,18:54:30,,,,,,,,,,,,,,,,,,,
375,18:19:00,18:20:00,18:21:55,18:22:25,18:23:45,18:24:25,18:26:00,18:27:00,18:28:50,18:29:20,18:31:20,18:32:10,18:33:50,18:34:20,18:35:45,18:36:25,18:38:00,18:38:45,18:40:30,18:41:00,18:42:15,18:42:50,18:44:10,18:44:45,18:46:10,18:46:55,18:48:30,18:49:00,18:50:15,18:50:50,18:52:20,18:53:00,18:54:35,18:55:05,18:57:10,18:58:00,19:03:25,19:04:00,19:05:50,19:06:15,19:09:15,19:09:40,19:11:45,19:12:20,19:14:25,19:15:00,,,,,,,,,
377,18:22:40,18:23:35,18:25:30,18:26:00,18:27:20,18:28:00,18:29:35,18:30:35,18:32:25,18:32:55,18:34:55,18:35:45,18:37:25,18:37:55,18:39:20,18:40:00,18:41:35,18:42:20,18:44:05,18:44:35,18:45:50,18:46:25,18:47:45,18:48:20,18:49:45,18:50:30,18:52:05,18:52:35,18:53:50,18:54:25,18:55:55,18:56:35,18:58:10,18:58:40,19:00:45,19:01:35,,,,,,,,,,,,,,,,,,,
379,18:26:00,18:27:00,18:28:55,18:29:25,18:30:45,18:31:25,18:33:00,18:34:00,18:35:50,18:36:20,18:38:20,18:39:10,18:40:50,18:41:20,18:42:45,18:43:25,18:45:00,18:45:45,18:47:30,18:48:00,18:49:15,18:49:50,18:51:10,18:51:45,18:53:10,18:53:55,18:55:30,18:56:00,18:57:15,18:57:50,18:59:20,19:00:00,19:01:35,19:02:05,19:04:10,19:05:00,19:10:25,19:11:00,19:12:50,19:13:15,19:16:15,19:16:40,19:18:45,19:19:20,19:21:25,19:22:00,,,,,,,,,
381,18:29:40,18:30:35,18:32:30,18:33:00,18:34:20,18:35:00,18:36:35,18:37:35,18:39:25,18:39:55,18:41:55,18:42:45,18:44:25,18:44:55,18:46:20,18:47:00,18:48:35,18:49:20,18:51:05,18:51:35,18:52:50,18:53:25,18:54:45,18:55:20,18:56:45,18:57:30,18:59:05,18:59:35,19:00:50,19:01:25,19:02:55,19:03:35,19:05:10,19:05:40,19:07:45,19:08:35,,,,,,,,,,,,,,,,,,,
383,18:33:10,18:34:00,18:35:55,18:36:25,18:37:45,18:38:25,18:40:00,18:41:00,18:42:50,18:43:20,18:45:20,18:46:10,18:47:50,18:48:20,18:49:45,18:50:25,18:52:00,18:52:45,18:54:30,18:55:00,18:56:15,18:56:50,18:58:10,18:58:45,19:00:10,19:00:55,19:02:30,19:03:00,19:04:15,19:04:50,19:06:20,19:07:00,19:08:35,19:09:05,19:11:10,19:12:00,19:17:25,19:18:00,19:19:50,19:20:15,19:23:15,19:23:40,19:25:45,19:26:20,19:28:25,19:29:00,,,,,,,,,
385,18:36:40,18:37:30,18:39:25,18:39:55,18:41:15,18:41:55,18:43:30,18:44:30,18:46:20,18:46:50,18:48:50,18:49:40,18:51:20,18:51:50,18:53:15,18:53:55,18:55:30,18:56:15,18:58:00,18:58:30,18:59:45,19:00:20,19:01:40,19:02:15,19:03:40,19:04:25,19:06:00,19:06:30,19:07:45,19:08:20,19:09:50,19:10:30,19:12:05,19:12:35,19:14:40,19:15:30,,,,,,,,,,,,,,,,,,,
387,18:40:00,18:41:00,18:42:55,18:43:25,18:44:45,18:45:25,18:47:00,18:48:00,18:49:50,18:50:20,18:52:20,18:53:10,18:54:50,18:55:20,18:56:45,18:57:25,18:59:00,18:59:45,19:01:30,19:02:00,19:03:15,19:03:50,19:05:10,19:05:45,19:07:10,19:07:55,19:09:30,19:10:00,19:11:15,19:11:50,19:13:20,19:14:00,19:15:35,19:16:05,19:18:10,19:19:00,19:24:25,19:25:00,19:26:50,19:27:15,19:30:15,19:30:40,19:32:45,19:33:20,19:35:25,19:36:00,,,,,,,,,
389,18:43:35,18:44:30,18:46:25,18:46:55,18:48:15,18:48:55,18:50:30,18:51:30,18:53:20,18:53:50,18:55:50,18:56:40,18:58:20,18:58:50,19:00:15,19:00:55,19:02:30,19:03:15,19:05:00,19:05:30,19:06:45,19:07:20,19:08:40,19:09:15,19:10:40,19:11:25,19:13:00,19:13:30,19:14:45,19:15:20,19:16:50,19:17:30,19:19:05,19:19:35,19:21:40,19:22:30,,,,,,,,,,,,,,,,,,,
391,18:47:00,18:48:00,18:49:55,18:50:25,18:51:45,18:52:25,18:54:00,18:55:00,18:56:50,18:57:20,18:59:20,19:00:10,19:01:50,19:02:20,19:03:45,19:04:25,19:06:00,19:06:45,19:08:30,19:09:00,19:10:15,19:10:50,19:12:10,19:12:45,19:14:10,19:14:55,19:16:30,19:17:00,19:18:15,19:18:50,19:20:20,19:21:00,19:22:35,19:23:05,19:25:10,19:26:00,19:31:25,19:32:00,19:33:50,19:34:15,19:37:15,19:37:40,19:39:45,19:40:20,19:42:25,19:43:00,,,,,,,,,
393,18:50:40,18:51:40,18:53:35,18:54:05,18:55:25,18:56:05,18:57:40,18:58:40,19:00:30,19:01:00,19:03:00,19:03:50,19:05:30,19:06:00,19:07:25,19:08:05,19:09:40,19:10:25,19:12:10,19:12:40,19:13:55,19:14:30,19:15:50,19:16:25,19:17:50,19:18:35,19:20:10,19:20:40,19:21:55,19:22:30,19:24:00,19:24:40,19:26:15,19:26:45,19:28:50,19:29:40,,,,,,,,,,,,,,,,,,,
395,18:54:00,18:55:00,18:56:55,18:57:25,18:58:45,18:59:25,19:01:00,19:02:00,19:03:50,19:04:20,19:06:20,19:07:10,19:08:50,19:09:20,19:10:45,19:11:25,19:13:00,19:13:45,19:15:30,19:16:00,19:17:15,19:17:50,19:19:10,19:19:45,19:21:10,19:21:55,19:23:30,19:24:00,19:25:15,19:25:50,19:27:20,19:28:00,19:29:35,19:30:05,19:32:10,19:33:00,19:38:25,19:39:00,19:40:50,19:41:15,19:44:15,19:44:40,19:46:45,19:47:20,19:49:25,19:50:00,,,,,,,,,
397,18:57:40,18:58:35,19:00:30,19:01:00,19:02:20,19:03:00,19:04:35,19:05:35,19:07:25,19:07:55,19:09:55,19:10:45,19:12:25,19:12:55,19:14:20,19:15:00,19:16:35,19:17:20,19:19:05,19:19:35,19:20:50,19:21:25,19:22:45,19:23:20,19:24:45,19:25:30,19:27:05,19:27:35,19:28:50,19:29:25,19:30:55,19:31:35,19:33:10,19:33:40,19:35:45,19:36:35,,,,,,,,,,,,,,,,,,,
399,19:01:10,19:02:00,19:03:55,19:04:25,19:05:45,19:06:25,19:08:00,19:09:00,19:10:50,19:11:20,19:13:20,19:14:10,19:15:50,19:16:20,19:17:45,19:18:25,19:20:00,19:20:45,19:22:30,19:23:00,19:24:15,19:24:50,19:26:10,19:26:45,19:28:10,19:28:55,19:30:30,19:31:00,19:32:15,19:32:50,19:34:20,19:35:00,19:36:35,19:37:05,19:39:10,19:40:00,19:45:25,19:46:00,19:47:50,19:48:15,19:51:15,19:51:40,19:53:45,19:54:20,19:56:25,19:57:00,,,,,,,,,
401,19:04:40,19:05:30,19:07:25,19:07:55,19:09:15,19:09:55,19:11:30,19:12:30,19:14:20,19:14:50,19:16:50,19:17:40,19:19:20,19:19:50,19:21:15,19:21:55,19:23:30,19:24:15,19:26:00,19:26:30,19:27:45,19:28:20,19:29:40,19:30:15,19:31:40,19:32:25,19:34:00,19:34:30,19:35:45,19:36:20,19:37:50,19:38:30,19:40:05,19:40:35,19:42:40,19:43:30,,,,,,,,,,,,,,,,,,,
403,19:08:10,19:09:00,19:10:55,19:11:25,19:12:45,19:13:25,19:15:00,19:16:00,19:17:50,19:18:20,19:20:20,19:21:10,19:22:50,19:23:20,19:24:45,19:25:25,19:27:00,19:27:45,19:29:30,19:30:00,19:31:15,19:31:50,19:33:10,19:33:45,19:35:10,19:35:55,19:37:30,19:38:00,19:39:15,19:39:50,19:41:20,19:42:00,19:43:35,19:44:05,19:46:10,19:47:00,19:52:25,19:53:00,19:54:50,19:55:15,19:58:15,19:58:40,20:00:45,20:01:20,20:03:25,20:04:00,,,,,,,,,
405,19:12:05,19:12:45,19:14:40,19:15:10,19:16:30,19:17:10,19:18:45,19:19:45,19:21:35,19:22:05,19:24:05,19:24:55,19:26:35,19:27:05,19:28:30,19:29:10,19:30:45,19:31:30,19:33:15,,,,,,,,,,,,,,,,,,,,,,,,,,,,,,,,,,,,
407,19:15:15,19:16:00,19:17:55,19:18:25,19:19:45,19:20:25,19:22:00,19:23:00,19:24:50,19:25:20,19:27:20,19:28:10,19:29:50,19:30:20,19:31:45,19:32:25,19:34:00,19:34:45,19:36:30,19:37:00,19:38:15,19:38:50,19:40:10,19:40:45,19:42:10,19:42:55,19:44:30,19:45:00,19:46:15,19:46:50,19:48:20,19:49:00,19:50:35,19:51:05,19:53:10,19:54:00,,,,,,,,,,,,,,,,,,,
409,19:18:45,19:20:00,19:21:55,19:22:25,19:23:45,19:24:25,19:26:00,19:27:00,19:28:50,19:29:20,19:31:20,19:32:10,19:33:50,19:34:20,19:35:45,19:36:25,19:38:00,19:38:45,19:40:30,19:41:00,19:42:15,19:42:50,19:44:10,19:44:45,19:46:10,19:46:55,19:48:30,19:49:00,19:50:15,19:50:50,19:52:20,19:53:00,19:54:35,19:55:05,19:57:10,19:58:00,20:03:25,20:04:00,20:05:50,20:06:15,20:09:15,20:09:40,20:11:45,20:12:20,20:14:25,20:15:00,,,,,,,,,
411,19:22:10,19:24:00,19:25:55,19:26:25,19:27:45,19:28:25,19:30:00,19:31:00,19:32:50,19:33:20,19:35:20,19:36:10,19:37:50,19:38:20,19:39:45,19:40:25,19:42:00,19:42:45,19:44:30,19:45:00,19:46:15,19:46:50,19:48:10,19:48:45,19:50:10,19:50:55,19:52:30,19:53:00,19:54:15,19:54:50,19:56:20,19:57:00,19:58:35,19:59:05,20:01:10,20:02:00,,,,,,,,,,,,,,,,,,,
413,19:25:40,19:27:30,19:29:25,19:29:55,19:31:15,19:31:55,19:33:30,19:34:30,19:36:20,19:36:50,19:38:50,19:39:40,19:41:20,19:41:50,19:43:15,19:43:55,19:45:30,19:46:15,19:48:00,19:48:30,19:49:45,19:50:20,19:51:40,19:52:15,19:53:40,19:54:25,19:56:00,19:56:30,19:57:45,19:58:20,19:59:50,20:00:30,20:02:05,20:02:35,20:04:40,20:05:30,20:10:55,20:11:30,20:13:20,20:13:45,20:16:45,20:17:10,20:19:15,20:19:50,20:21:55,20:22:30,,,,,,,,,
415,19:29:10,19:31:00,19:32:55,19:33:25,19:34:45,19:35:25,19:37:00,19:38:00,19:39:50,19:40:20,19:42:20,19:43:10,19:44:50,19:45:20,19:46:45,19:47:25,19:49:00,19:49:45,19:51:30,19:52:00,19:53:15,19:53:50,19:55:10,19:55:45,19:57:10,19:57:55,19:59:30,20:00:00,20:01:15,20:01:50,20:03:20,20:04:00,20:05:35,20:06:05,20:08:10,20:09:00,,,,,,,,,,,,,,,,,,,
417,19:32:45,19:34:30,19:36:25,19:36:55,19:38:15,19:38:55,19:40:30,19:41:30,19:43:20,19:43:50,19:45:50,19:46:40,19:48:20,19:48:50,19:50:15,19:50:55,19:52:30,19:53:15,19:55:00,19:55:30,19:56:45,19:57:20,19:58:40,19:59:15,20:00:40,20:01:25,20:03:00,20:03:30,20:04:45,20:05:20,20:06:50,20:07:30,20:09:05,20:09:35,20:11:40,20:12:30,20:17:55,20:18:30,20:20:20,20:20:45,20:23:45,20:24:10,20:26:15,20:26:50,20:28:55,20:29:30,,,,,,,,,
419,19:36:10,19:38:00,19:39:55,19:40:25,19:41:45,19:42:25,19:44:00,19:45:00,19:46:50,19:47:20,19:49:20,19:50:10,19:51:50,19:52:20,19:53:45,19:54:25,19:56:00,19:56:45,19:58:30,19:59:00,20:00:15,20:00:50,20:02:10,20:02:45,20:04:10,20:04:55,20:06:30,20:07:00,20:08:15,20:08:50,20:10:20,20:11:00,20:12:35,20:13:05,20:15:10,20:16:00,20:21:25,20:22:00,20:23:50,20:24:15,20:27:15,20:27:40,20:29:45,20:30:20,20:32:25,20:33:00,,,,,,,,,
421,19:39:45,19:41:15,19:43:10,19:43:40,19:45:00,19:45:40,19:47:15,19:48:15,19:50:05,19:50:35,19:52:35,19:53:25,19:55:05,19:55:35,19:57:00,19:57:40,19:59:15,20:00:00,20:01:45,,,,,,,,,,,,,,,,,,,,,,,,,,,,,,,,,,,,
423,19:43:15,19:44:35,19:46:30,19:47:00,19:48:20,19:49:00,19:50:35,19:51:35,19:53:25,19:53:55,19:55:55,19:56:45,19:58:25,19:58:55,20:00:20,20:01:00,20:02:35,20:03:20,20:05:05,20:05:35,20:06:50,20:07:25,20:08:45,20:09:20,20:10:45,20:11:30,20:13:05,20:13:35,20:14:50,20:15:25,20:16:55,20:17:35,20:19:10,20:19:40,20:21:45,20:22:35,20:28:00,20:28:35,20:30:25,20:30:50,20:33:50,20:34:15,20:36:20,20:36:55,20:39:00,20:39:35,,,,,,,,,
425,19:46:45,19:48:05,19:50:00,19:50:30,19:51:50,19:52:30,19:54:05,19:55:05,19:56:55,19:57:25,19:59:25,20:00:15,20:01:55,20:02:25,20:03:50,20:04:30,20:06:05,20:06:50,20:08:35,20:09:05,20:10:20,20:10:55,20:12:15,20:12:50,20:14:15,20:15:00,20:16:35,20:17:05,20:18:20,20:18:55,20:20:25,20:21:05,20:22:40,20:23:10,20:25:15,20:26:05,,,,,,,,,,,,,,,,,,,
427,19:50:10,19:52:00,19:53:55,19:54:25,19:55:45,19:56:25,19:58:00,19:59:00,20:00:50,20:01:20,20:03:20,20:04:10,20:05:50,20:06:20,20:07:45,20:08:25,20:10:00,20:10:45,20:12:30,20:13:00,20:14:15,20:14:50,20:16:10,20:16:45,20:18:10,20:18:55,20:20:30,20:21:00,20:22:15,20:22:50,20:24:20,20:25:00,20:26:35,20:27:05,20:29:10,20:30:00,20:35:25,20:36:00,20:37:50,20:38:15,20:41:15,20:41:40,20:43:45,20:44:20,20:46:25,20:47:00,,,,,,,,,
429,19:53:40,19:55:30,19:57:25,19:57:55,19:59:15,19:59:55,20:01:30,20:02:30,20:04:20,20:04:50,20:06:50,20:07:40,20:09:20,20:09:50,20:11:15,20:11:55,20:13:30,20:14:15,20:16:00,20:16:30,20:17:45,20:18:20,20:19:40,20:20:15,20:21:40,20:22:25,20:24:00,20:24:30,20:25:45,20:26:20,20:27:50,20:28:30,20:30:05,20:30:35,20:32:40,20:33:30,,,,,,,,,,,,,,,,,,,
431,19:56:45,19:59:30,20:01:25,20:01:55,20:03:15,20:03:55,20:05:30,20:06:30,20:08:20,20:08:50,20:10:50,20:11:40,20:13:20,20:13:50,20:15:15,20:15:55,20:17:30,20:18:15,20:20:00,20:20:30,20:21:45,20:22:20,20:23:40,20:24:15,20:25:40,20:26:25,20:28:00,20:28:30,20:29:45,20:30:20,20:31:50,20:32:30,20:34:05,20:34:35,20:36:40,20:37:30,20:42:55,20:43:30,20:45:20,20:45:45,20:48:45,20:49:10,20:51:15,20:51:50,20:53:55,20:54:30,,,,,,,,,
433,20:00:40,20:03:30,20:05:25,20:05:55,20:07:15,20:07:55,20:09:30,20:10:30,20:12:20,20:12:50,20:14:50,20:15:40,20:17:20,20:17:50,20:19:15,20:19:55,20:21:30,20:22:15,20:24:00,20:24:30,20:25:45,20:26:20,20:27:40,20:28:15,20:29:40,20:30:25,20:32:00,20:32:30,20:33:45,20:34:20,20:35:50,20:36:30,20:38:05,20:38:35,20:40:40,20:41:30,,,,,,,,,,,,,,,,,,,
435,20:05:25,20:07:00,20:08:55,20:09:25,20:10:45,20:11:25,20:13:00,20:14:00,20:15:50,20:16:20,20:18:20,20:19:10,20:20:50,20:21:20,20:22:45,20:23:25,20:25:00,20:25:45,20:27:30,20:28:00,20:29:15,20:29:50,20:31:10,20:31:45,20:33:10,20:33:55,20:35:30,20:36:00,20:37:15,20:37:50,20:39:20,20:40:00,20:41:35,20:42:05,20:44:10,20:45:00,20:50:25,20:51:00,20:52:50,20:53:15,20:56:15,20:56:40,20:58:45,20:59:20,21:01:25,21:02:00,,,,,,,,,
437,20:08:40,20:11:00,20:12:55,20:13:25,20:14:45,20:15:25,20:17:00,20:18:00,20:19:50,20:20:20,20:22:20,20:23:10,20:24:50,20:25:20,20:26:45,20:27:25,20:29:00,20:29:45,20:31:30,20:32:00,20:33:15,20:33:50,20:35:10,20:35:45,20:37:10,20:37:55,20:39:30,20:40:00,20:41:15,20:41:50,20:43:20,20:44:00,20:45:35,20:46:05,20:48:10,20:49:00,20:54:25,20:55:00,20:56:50,20:57:15,21:00:15,21:00:40,21:02:45,21:03:20,21:05:25,21:06:00,,,,,,,,,
439,20:12:35,20:15:00,20:16:55,20:17:25,20:18:45,20:19:25,20:21:00,20:22:00,20:23:50,20:24:20,20:26:20,20:27:10,20:28:50,20:29:20,20:30:45,20:31:25,20:33:00,20:33:45,20:35:30,20:36:00,20:37:15,20:37:50,20:39:10,20:39:45,20:41:10,20:41:55,20:43:30,20:44:00,20:45:15,20:45:50,20:47:20,20:48:00,20:49:35,20:50:05,20:52:10,20:53:00,,,,,,,,,,,,,,,,,,,
441,20:16:40,20:19:00,20:20:55,20:21:25,20:22:45,20:23:25,20:25:00,20:26:00,20:27:50,20:28:20,20:30:20,20:31:10,20:32:50,20:33:20,20:34:45,20:35:25,20:37:00,20:37:45,20:39:30,20:40:00,20:41:15,20:41:50,20:43:10,20:43:45,20:45:10,20:45:55,20:47:30,20:48:00,20:49:15,20:49:50,20:51:20,20:52:00,20:53:35,20:54:05,20:56:10,20:57:00,21:02:25,21:03:00,21:04:50,21:05:15,21:08:15,21:08:40,21:10:45,21:11:20,21:13:25,21:14:00,,,,,,,,,
443,20:21:30,20:22:05,20:24:00,20:24:30,20:25:50,20:26:30,20:28:05,20:29:05,20:30:55,20:31:25,20:33:25,20:34:15,20:35:55,20:36:25,20:37:50,20:38:30,20:40:05,20:40:50,20:42:35,,,,,,,,,,,,,,,,,,,,,,,,,,,,,,,,,,,,
445,20:24:35,20:26:00,20:27:55,20:28:25,20:29:45,20:30:25,20:32:00,20:33:00,20:34:50,20:35:20,20:37:20,20:38:10,20:39:50,20:40:20,20:41:45,20:42:25,20:44:00,20:44:45,20:46:30,20:47:00,20:48:15,20:48:50,20:50:10,20:50:45,20:52:10,20:52:55,20:54:30,20:55:00,20:56:15,20:56:50,20:58:20,20:59:00,21:00:35,21:01:05,21:03:10,21:04:00,,,,,,,,,,,,,,,,,,,
447,20:28:35,20:31:00,20:32:55,20:33:25,20:34:45,20:35:25,20:37:00,20:38:00,20:39:50,20:40:20,20:42:20,20:43:10,20:44:50,20:45:20,20:46:45,20:47:25,20:49:00,20:49:45,20:51:30,20:52:00,20:53:15,20:53:50,20:55:10,20:55:45,20:57:10,20:57:55,20:59:30,21:00:00,21:01:15,21:01:50,21:03:20,21:04:00,21:05:35,21:06:05,21:08:10,21:09:00,21:14:25,21:15:00,21:16:50,21:17:15,21:20:15,21:20:40,21:22:45,21:23:20,21:25:25,21:26:00,,,,,,,,,
449,20:32:35,20:35:00,20:36:55,20:37:25,20:38:45,20:39:25,20:41:00,20:42:00,20:43:50,20:44:20,20:46:20,20:47:10,20:48:50,20:49:20,20:50:45,20:51:25,20:53:00,20:53:45,20:55:30,20:56:00,20:57:15,20:57:50,20:59:10,20:59:45,21:01:10,21:01:55,21:03:30,21:04:00,21:05:15,21:05:50,21:07:20,21:08:00,21:09:35,21:10:05,21:12:10,21:13:00,21:18:25,21:19:00,21:20:50,21:21:15,21:24:15,21:24:40,21:26:45,21:27:20,21:29:25,21:30:00,,,,,,,,,
451,20:36:35,20:39:00,20:40:55,20:41:25,20:42:45,20:43:25,20:45:00,20:46:00,20:47:50,20:48:20,20:50:20,20:51:10,20:52:50,20:53:20,20:54:45,20:55:25,20:57:00,20:57:45,20:59:30,21:00:00,21:01:15,21:01:50,21:03:10,21:03:45,21:05:10,21:05:55,21:07:30,21:08:00,21:09:15,21:09:50,21:11:20,21:12:00,21:13:35,21:14:05,21:16:10,21:17:00,21:22:25,21:23:00,21:24:50,21:25:15,21:28:15,21:28:40,21:30:45,21:31:20,21:33:25,21:34:00,,,,,,,,,
453,20:41:20,20:42:00,20:43:55,20:44:25,20:45:45,20:46:25,20:48:00,20:49:00,20:50:50,20:51:20,20:53:20,20:54:10,20:55:50,20:56:20,20:57:45,20:58:25,21:00:00,21:00:45,21:02:30,,,,,,,,,,,,,,,,,,,,,,,,,,,,,,,,,,,,
455,20:44:35,20:46:00,20:47:55,20:48:25,20:49:45,20:50:25,20:52:00,20:53:00,20:54:50,20:55:20,20:57:20,20:58:10,20:59:50,21:00:20,21:01:45,21:02:25,21:04:00,21:04:45,21:06:30,21:07:00,21:08:15,21:08:50,21:10:10,21:10:45,21:12:10,21:12:55,21:14:30,21:15:00,21:16:15,21:16:50,21:18:20,21:19:00,21:20:35,21:21:05,21:23:10,21:24:00,,,,,,,,,,,,,,,,,,,
457,20:48:30,20:51:00,20:52:55,20:53:25,20:54:45,20:55:25,20:57:00,20:58:00,20:59:50,21:00:20,21:02:20,21:03:10,21:04:50,21:05:20,21:06:45,21:07:25,21:09:00,21:09:45,21:11:30,21:12:00,21:13:15,21:13:50,21:15:10,21:15:45,21:17:10,21:17:55,21:19:30,21:20:00,21:21:15,21:21:50,21:23:20,21:24:00,21:25:35,21:26:05,21:28:10,21:29:00,21:34:25,21:35:00,21:36:50,21:37:15,21:40:15,21:40:40,21:42:45,21:43:20,21:45:25,21:46:00,,,,,,,,,
459,20:53:25,20:56:00,20:57:55,20:58:25,20:59:45,21:00:25,21:02:00,21:03:00,21:04:50,21:05:20,21:07:20,21:08:10,21:09:50,21:10:20,21:11:45,21:12:25,21:14:00,21:14:45,21:16:30,21:17:00,21:18:15,21:18:50,21:20:10,21:20:45,21:22:10,21:22:55,21:24:30,21:25:00,21:26:15,21:26:50,21:28:20,21:29:00,21:30:35,21:31:05,21:33:10,21:34:00,,,,,,,,,,,,,,,,,,,
461,20:58:35,21:01:00,21:02:55,21:03:25,21:04:45,21:05:25,21:07:00,21:08:00,21:09:50,21:10:20,21:12:20,21:13:10,21:14:50,21:15:20,21:16:45,21:17:25,21:19:00,21:19:45,21:21:30,21:22:00,21:23:15,21:23:50,21:25:10,21:25:45,21:27:10,21:27:55,21:29:30,21:30:00,21:31:15,21:31:50,21:33:20,21:34:00,21:35:35,21:36:05,21:38:10,21:39:00,21:44:25,21:45:00,21:46:50,21:47:15,21:50:15,21:50:40,21:52:45,21:53:20,21:55:25,21:56:00,,,,,,,,,
463,21:03:25,21:06:00,21:07:55,21:08:25,21:09:45,21:10:25,21:12:00,21:13:00,21:14:50,21:15:20,21:17:20,21:18:10,21:19:50,21:20:20,21:21:45,21:22:25,21:24:00,21:24:45,21:26:30,21:27:00,21:28:15,21:28:50,21:30:10,21:30:45,21:32:10,21:32:55,21:34:30,21:35:00,21:36:15,21:36:50,21:38:20,21:39:00,21:40:35,21:41:05,21:43:10,21:44:00,,,,,,,,,,,,,,,,,,,
465,21:09:30,21:11:00,21:12:55,21:13:25,21:14:45,21:15:25,21:17:00,21:18:00,21:19:50,21:20:20,21:22:20,21:23:10,21:24:50,21:25:20,21:26:45,21:27:25,21:29:00,21:29:45,21:31:30,21:32:00,21:33:15,21:33:50,21:35:10,21:35:45,21:37:10,21:37:55,21:39:30,21:40:00,21:41:15,21:41:50,21:43:20,21:44:00,21:45:35,21:46:05,21:48:10,21:49:00,21:54:25,21:55:00,21:56:50,21:57:15,22:00:15,22:00:40,22:02:45,22:03:20,22:05:25,22:06:00,,,,,,,,,
467,21:14:30,21:16:00,21:17:55,21:18:25,21:19:45,21:20:25,21:22:00,21:23:00,21:24:50,21:25:20,21:27:20,21:28:10,21:29:50,21:30:20,21:31:45,21:32:25,21:34:00,21:34:45,21:36:30,21:37:00,21:38:15,21:38:50,21:40:10,21:40:45,21:42:10,21:42:55,21:44:30,21:45:00,21:46:15,21:46:50,21:48:20,21:49:00,21:50:35,21:51:05,21:53:10,21:54:00,,,,,,,,,,,,,,,,,,,
469,21:19:30,21:21:00,21:22:55,21:23:25,21:24:45,21:25:25,21:27:00,21:28:00,21:29:50,21:30:20,21:32:20,21:33:10,21:34:50,21:35:20,21:36:45,21:37:25,21:39:00,21:39:45,21:41:30,21:42:00,21:43:15,21:43:50,21:45:10,21:45:45,21:47:10,21:47:55,21:49:30,21:50:00,21:51:15,21:51:50,21:53:20,21:54:00,21:55:35,21:56:05,21:58:10,21:59:00,22:04:25,22:05:00,22:06:50,22:07:15,22:10:15,22:10:40,22:12:45,22:13:20,22:15:25,22:16:00,,,,,,,,,
471,21:24:30,21:25:30,21:27:25,21:27:55,21:29:15,21:29:55,21:31:30,21:32:30,21:34:20,21:34:50,21:36:50,21:37:40,21:39:20,21:39:50,21:41:15,21:41:55,21:43:30,21:44:15,21:46:00,21:46:30,21:47:45,21:48:20,21:49:40,21:50:15,21:51:40,21:52:25,21:54:00,21:54:30,21:55:45,21:56:20,21:57:50,21:58:30,22:00:05,22:00:35,22:02:40,22:03:30,22:08:55,22:09:30,22:11:20,22:11:45,22:14:45,22:15:10,22:17:15,22:17:50,22:19:55,22:20:30,,,,,,,,,
473,21:29:35,21:30:15,21:32:10,21:32:40,21:34:00,21:34:40,21:36:15,21:37:15,21:39:05,21:39:35,21:41:35,21:42:25,21:44:05,21:44:35,21:46:00,21:46:40,21:48:15,21:49:00,21:50:45,21:51:15,21:52:30,21:53:05,21:54:25,21:55:00,21:56:25,21:57:10,21:58:45,21:59:15,22:00:30,22:01:05,22:02:35,22:03:15,22:04:50,22:05:20,22:07:25,22:08:15,22:13:40,22:14:15,22:16:05,22:16:30,22:19:30,22:19:55,22:22:00,22:22:35,22:24:40,22:25:15,,,,,,,,,
475,21:35:00,21:36:00,21:37:55,21:38:25,21:39:45,21:40:25,21:42:00,21:43:00,21:44:50,21:45:20,21:47:20,21:48:10,21:49:50,21:50:20,21:51:45,21:52:25,21:54:00,21:54:45,21:56:30,21:57:00,21:58:15,21:58:50,22:00:10,22:00:45,22:02:10,22:02:55,22:04:30,22:05:00,22:06:15,22:06:50,22:08:20,22:09:00,22:10:35,22:11:05,22:13:10,22:14:00,,,,,,,,,,,,,,,,,,,
477,21:41:25,21:42:00,21:43:55,21:44:25,21:45:45,21:46:25,21:48:00,21:49:00,21:50:50,21:51:20,21:53:20,21:54:10,21:55:50,21:56:20,21:57:45,21:58:25,22:00:00,22:00:45,22:02:30,22:03:00,22:04:15,22:04:50,22:06:10,22:06:45,22:08:10,22:08:55,22:10:30,22:11:00,22:12:15,22:12:50,22:14:20,22:15:00,22:16:35,22:17:05,22:19:10,22:20:00,22:25:25,22:26:00,22:27:50,22:28:15,22:31:15,22:31:40,22:33:45,22:34:20,22:36:25,22:37:00,,,,,,,,,
479,21:47:00,21:48:00,21:49:55,21:50:25,21:51:45,21:52:25,21:54:00,21:55:00,21:56:50,21:57:20,21:59:20,22:00:10,22:01:50,22:02:20,22:03:45,22:04:25,22:06:00,22:06:45,22:08:30,22:09:00,22:10:15,22:10:50,22:12:10,22:12:45,22:14:10,22:14:55,22:16:30,22:17:00,22:18:15,22:18:50,22:20:20,22:21:00,22:22:35,22:23:05,22:25:10,22:26:00,,,,,,,,,,,,,,,,,,,
481,21:52:00,21:53:05,21:55:00,21:55:30,21:56:50,21:57:30,21:59:05,22:00:05,22:01:55,22:02:25,22:04:25,22:05:15,22:06:55,22:07:25,22:08:50,22:09:30,22:11:05,22:11:50,22:13:35,,,,,,,,,,,,,,,,,,,,,,,,,,,,,,,,,,,,
483,21:55:35,21:58:00,21:59:55,22:00:25,22:01:45,22:02:25,22:04:00,22:05:00,22:06:50,22:07:20,22:09:20,22:10:10,22:11:50,22:12:20,22:13:45,22:14:25,22:16:00,22:16:45,22:18:30,22:19:00,22:20:15,22:20:50,22:22:10,22:22:45,22:24:10,22:24:55,22:26:30,22:27:00,22:28:15,22:28:50,22:30:20,22:31:00,22:32:35,22:33:05,22:35:10,22:36:00,22:41:25,22:42:00,22:43:50,22:44:15,22:47:15,22:47:40,22:49:45,22:50:20,22:52:25,22:53:00,,,,,,,,,
485,22:02:00,22:04:00,22:05:55,22:06:25,22:07:45,22:08:25,22:10:00,22:11:00,22:12:50,22:13:20,22:15:20,22:16:10,22:17:50,22:18:20,22:19:45,22:20:25,22:22:00,22:22:45,22:24:30,22:25:00,22:26:15,22:26:50,22:28:10,22:28:45,22:30:10,22:30:55,22:32:30,22:33:00,22:34:15,22:34:50,22:36:20,22:37:00,22:38:35,22:39:05,22:41:10,22:42:00,22:47:25,22:48:00,22:49:50,22:50:15,22:53:15,22:53:40,22:55:45,22:56:20,22:58:25,22:59:00,,,,,,,,,
487,22:09:30,22:11:00,22:12:55,22:13:25,22:14:45,22:15:25,22:17:00,22:18:00,22:19:50,22:20:20,22:22:20,22:23:10,22:24:50,22:25:20,22:26:45,22:27:25,22:29:00,22:29:45,22:31:30,22:32:00,22:33:15,22:33:50,22:35:10,22:35:45,22:37:10,22:37:55,22:39:30,22:40:00,22:41:15,22:41:50,22:43:20,22:44:00,22:45:35,22:46:05,22:48:10,22:49:00,22:54:25,22:55:00,22:56:50,22:57:15,23:00:15,23:00:40,23:02:45,23:03:20,23:05:25,23:06:00,,,,,,,,,
489,22:15:30,22:17:00,22:18:55,22:19:25,22:20:45,22:21:25,22:23:00,22:24:00,22:25:50,22:26:20,22:28:20,22:29:10,22:30:50,22:31:20,22:32:45,22:33:25,22:35:00,22:35:45,22:37:30,22:38:00,22:39:15,22:39:50,22:41:10,22:41:45,22:43:10,22:43:55,22:45:30,22:46:00,22:47:15,22:47:50,22:49:20,22:50:00,22:51:35,22:52:05,22:54:10,22:55:00,23:00:25,23:01:00,23:02:50,23:03:15,23:06:15,23:06:40,23:08:45,23:09:20,23:11:25,23:12:00,,,,,,,,,
491,22:19:30,22:23:00,22:24:55,22:25:25,22:26:45,22:27:25,22:29:00,22:30:00,22:31:50,22:32:20,22:34:20,22:35:10,22:36:50,22:37:20,22:38:45,22:39:25,22:41:00,22:41:45,22:43:30,22:44:00,22:45:15,22:45:50,22:47:10,22:47:45,22:49:10,22:49:55,22:51:30,22:52:00,22:53:15,22:53:50,22:55:20,22:56:00,22:57:35,22:58:05,23:00:10,23:01:00,23:06:25,23:07:00,23:08:50,23:09:15,23:12:15,23:12:40,23:14:45,23:15:20,23:17:25,23:18:00,,,,,,,,,
493,22:25:15,22:30:00,22:31:55,22:32:25,22:33:45,22:34:25,22:36:00,22:37:00,22:38:50,22:39:20,22:41:20,22:42:10,22:43:50,22:44:20,22:45:45,22:46:25,22:48:00,22:48:45,22:50:30,22:51:00,22:52:15,22:52:50,22:54:10,22:54:45,22:56:10,22:56:55,22:58:30,22:59:00,23:00:15,23:00:50,23:02:20,23:03:00,23:04:35,23:05:05,23:07:10,23:08:00,23:13:25,23:14:00,23:15:50,23:16:15,23:19:15,23:19:40,23:21:45,23:22:20,23:24:25,23:25:00,,,,,,,,,
