train_number,train_time,station,station_order,time_window,到站时列车乘客数,下车人数,期望上车人数,累积未上车人数,实际上车需求,上车人数,未上车人数,离站时列车乘客数,拥挤度
37,08:04:25,S1,0,8:00-8:15,0.0,0.0,0,0.0,0.0,0.0,0.0,0.0,0.0
37,08:01:45,S2,1,8:00-8:15,0.0,0.0,35,0.0,35.0,35.0,0.0,35.0,2.36
39,08:09:25,S1,0,8:00-8:15,0.0,0.0,0,0.0,0.0,0.0,0.0,0.0,0.0
39,08:06:45,S2,1,8:00-8:15,0.0,0.0,70,0.0,70.0,70.0,0.0,70.0,4.73
39,08:04:15,S3,2,8:00-8:15,70.0,70.0,38,0.0,38.0,38.0,0.0,38.0,2.57
39,08:00:50,S4,3,8:00-8:15,38.0,38.0,6,0.0,6.0,6.0,0.0,6.0,0.41
43,08:15:50,S1,0,8:15-8:30,0.0,0.0,0,0.0,0.0,0.0,0.0,0.0,0.0
43,08:13:10,S2,1,8:00-8:15,0.0,0.0,102,0.0,102.0,102.0,0.0,102.0,6.89
43,08:10:40,S3,2,8:00-8:15,102.0,102.0,88,0.0,88.0,88.0,0.0,88.0,5.95
43,08:07:15,S4,3,8:00-8:15,88.0,52.0,54,0.0,54.0,54.0,0.0,90.0,6.08
43,08:04:50,S5,4,8:00-8:15,90.0,90.0,130,0.0,130.0,130.0,0.0,130.0,8.78
45,08:01:40,S6,5,8:00-8:15,0.0,0.0,41,0.0,41.0,41.0,0.0,41.0,2.77
47,08:22:05,S1,0,8:15-8:30,0.0,0.0,0,0.0,0.0,0.0,0.0,0.0,0.0
47,08:19:25,S2,1,8:15-8:30,0.0,0.0,82,0.0,82.0,82.0,0.0,82.0,5.54
47,08:16:55,S3,2,8:15-8:30,82.0,82.0,115,0.0,115.0,115.0,0.0,115.0,7.77
47,08:13:30,S4,3,8:00-8:15,115.0,0.0,56,0.0,56.0,56.0,0.0,171.0,11.55
47,08:11:05,S5,4,8:00-8:15,171.0,134.0,165,0.0,165.0,165.0,0.0,202.0,13.65
47,08:04:50,S6,5,8:00-8:15,202.0,202.0,64,0.0,64.0,64.0,0.0,64.0,4.32
47,08:02:15,S7,6,8:00-8:15,64.0,64.0,70,0.0,70.0,70.0,0.0,70.0,4.73
47,08:00:00,S8,7,8:00-8:15,70.0,70.0,0,0.0,0.0,0.0,0.0,0.0,0.0
49,08:08:00,S6,5,8:00-8:15,0.0,0.0,73,0.0,73.0,73.0,0.0,73.0,4.93
49,08:05:25,S7,6,8:00-8:15,73.0,73.0,106,0.0,106.0,106.0,0.0,106.0,7.16
49,08:03:10,S8,7,8:00-8:15,106.0,106.0,81,0.0,81.0,81.0,0.0,81.0,5.47
49,08:01:05,S9,8,8:00-8:15,81.0,81.0,23,0.0,23.0,23.0,0.0,23.0,1.55
51,08:28:25,S1,0,8:15-8:30,0.0,0.0,0,0.0,0.0,0.0,0.0,0.0,0.0
51,08:25:45,S2,1,8:15-8:30,0.0,0.0,97,0.0,97.0,97.0,0.0,97.0,6.55
51,08:23:15,S3,2,8:15-8:30,97.0,97.0,104,0.0,104.0,104.0,0.0,104.0,7.03
51,08:19:50,S4,3,8:15-8:30,104.0,104.0,58,0.0,58.0,58.0,0.0,58.0,3.92
51,08:17:25,S5,4,8:15-8:30,58.0,58.0,171,0.0,171.0,171.0,0.0,171.0,11.55
51,08:11:10,S6,5,8:00-8:15,171.0,42.0,85,0.0,85.0,85.0,0.0,214.0,14.46
51,08:08:35,S7,6,8:00-8:15,214.0,49.0,85,0.0,85.0,85.0,0.0,250.0,16.89
51,08:06:20,S8,7,8:00-8:15,250.0,134.0,90,0.0,90.0,90.0,0.0,206.0,13.92
51,08:04:15,S9,8,8:00-8:15,206.0,20.0,57,0.0,57.0,57.0,0.0,243.0,16.42
51,08:02:30,S10,9,8:00-8:15,243.0,55.0,19,0.0,19.0,19.0,0.0,207.0,13.99
51,08:00:10,S11,10,8:00-8:15,207.0,136.0,4,0.0,4.0,4.0,0.0,75.0,5.07
53,08:14:15,S6,5,8:00-8:15,0.0,0.0,69,0.0,69.0,69.0,0.0,69.0,4.66
53,08:11:40,S7,6,8:00-8:15,69.0,0.0,101,0.0,101.0,101.0,0.0,170.0,11.49
53,08:09:25,S8,7,8:00-8:15,170.0,0.0,93,0.0,93.0,93.0,0.0,263.0,17.77
53,08:07:20,S9,8,8:00-8:15,263.0,0.0,68,0.0,68.0,68.0,0.0,331.0,22.36
53,08:05:35,S10,9,8:00-8:15,331.0,0.0,35,0.0,35.0,35.0,0.0,366.0,24.73
53,08:03:15,S11,10,8:00-8:15,366.0,0.0,125,0.0,125.0,125.0,0.0,491.0,33.18
53,08:01:15,S12,11,8:00-8:15,491.0,182.0,60,0.0,60.0,60.0,0.0,369.0,24.93
55,08:35:05,S1,0,8:30-8:45,0.0,0.0,0,0.0,0.0,0.0,0.0,0.0,0.0
55,08:32:25,S2,1,8:30-8:45,0.0,0.0,98,0.0,98.0,98.0,0.0,98.0,6.62
55,08:29:55,S3,2,8:15-8:30,98.0,98.0,151,0.0,151.0,151.0,0.0,151.0,10.2
55,08:26:30,S4,3,8:15-8:30,151.0,75.0,53,0.0,53.0,53.0,0.0,129.0,8.72
55,08:24:05,S5,4,8:15-8:30,129.0,129.0,258,0.0,258.0,258.0,0.0,258.0,17.43
55,08:17:50,S6,5,8:15-8:30,258.0,258.0,74,0.0,74.0,74.0,0.0,74.0,5.0
55,08:15:15,S7,6,8:15-8:30,74.0,74.0,141,0.0,141.0,141.0,0.0,141.0,9.53
55,08:13:00,S8,7,8:00-8:15,141.0,0.0,115,0.0,115.0,115.0,0.0,256.0,17.3
55,08:10:55,S9,8,8:00-8:15,256.0,0.0,64,0.0,64.0,64.0,0.0,320.0,21.62
55,08:09:10,S10,9,8:00-8:15,320.0,0.0,31,0.0,31.0,31.0,0.0,351.0,23.72
55,08:06:50,S11,10,8:00-8:15,351.0,0.0,112,0.0,112.0,112.0,0.0,463.0,31.28
55,08:04:50,S12,11,8:00-8:15,463.0,0.0,119,0.0,119.0,119.0,0.0,582.0,39.32
55,08:02:55,S13,12,8:00-8:15,582.0,57.0,163,0.0,163.0,163.0,0.0,688.0,46.49
55,08:01:10,S14,13,8:00-8:15,688.0,103.0,33,0.0,33.0,33.0,0.0,618.0,41.76
57,08:20:40,S6,5,8:15-8:30,0.0,0.0,49,0.0,49.0,49.0,0.0,49.0,3.31
57,08:18:05,S7,6,8:15-8:30,49.0,49.0,136,0.0,136.0,136.0,0.0,136.0,9.19
57,08:15:50,S8,7,8:15-8:30,136.0,136.0,101,0.0,101.0,101.0,0.0,101.0,6.82
57,08:13:45,S9,8,8:00-8:15,101.0,0.0,54,0.0,54.0,54.0,0.0,155.0,10.47
57,08:12:00,S10,9,8:00-8:15,155.0,0.0,32,0.0,32.0,32.0,0.0,187.0,12.64
57,08:09:40,S11,10,8:00-8:15,187.0,0.0,96,0.0,96.0,96.0,0.0,283.0,19.12
57,08:07:40,S12,11,8:00-8:15,283.0,0.0,110,0.0,110.0,110.0,0.0,393.0,26.55
57,08:05:45,S13,12,8:00-8:15,393.0,0.0,129,0.0,129.0,129.0,0.0,522.0,35.27
57,08:04:00,S14,13,8:00-8:15,522.0,0.0,75,0.0,75.0,75.0,0.0,597.0,40.34
57,08:01:30,S15,14,8:00-8:15,597.0,52.0,40,0.0,40.0,40.0,0.0,585.0,39.53
59,08:41:05,S1,0,8:30-8:45,0.0,0.0,0,0.0,0.0,0.0,0.0,0.0,0.0
59,08:38:25,S2,1,8:30-8:45,0.0,0.0,79,0.0,79.0,79.0,0.0,79.0,5.34
59,08:35:55,S3,2,8:30-8:45,79.0,79.0,147,0.0,147.0,147.0,0.0,147.0,9.93
59,08:32:30,S4,3,8:30-8:45,147.0,147.0,41,0.0,41.0,41.0,0.0,41.0,2.77
59,08:30:05,S5,4,8:30-8:45,41.0,41.0,219,0.0,219.0,219.0,0.0,219.0,14.8
59,08:23:50,S6,5,8:15-8:30,219.0,219.0,75,0.0,75.0,75.0,0.0,75.0,5.07
59,08:21:15,S7,6,8:15-8:30,75.0,75.0,127,0.0,127.0,127.0,0.0,127.0,8.58
59,08:19:00,S8,7,8:15-8:30,127.0,127.0,139,0.0,139.0,139.0,0.0,139.0,9.39
59,08:16:55,S9,8,8:15-8:30,139.0,139.0,45,0.0,45.0,45.0,0.0,45.0,3.04
59,08:15:10,S10,9,8:15-8:30,45.0,45.0,37,0.0,37.0,37.0,0.0,37.0,2.5
59,08:12:50,S11,10,8:00-8:15,37.0,0.0,111,0.0,111.0,111.0,0.0,148.0,10.0
59,08:10:50,S12,11,8:00-8:15,148.0,0.0,105,0.0,105.0,105.0,0.0,253.0,17.09
59,08:08:55,S13,12,8:00-8:15,253.0,0.0,179,0.0,179.0,179.0,0.0,432.0,29.19
59,08:07:10,S14,13,8:00-8:15,432.0,0.0,99,0.0,99.0,99.0,0.0,531.0,35.88
59,08:04:40,S15,14,8:00-8:15,531.0,0.0,87,0.0,87.0,87.0,0.0,618.0,41.76
59,08:02:25,S16,15,8:00-8:15,618.0,17.0,8,0.0,8.0,8.0,0.0,609.0,41.15
59,08:00:30,S17,16,8:00-8:15,609.0,1.0,4,0.0,4.0,4.0,0.0,612.0,41.35
61,08:27:10,S6,5,8:15-8:30,0.0,0.0,80,0.0,80.0,80.0,0.0,80.0,5.41
61,08:24:35,S7,6,8:15-8:30,80.0,80.0,163,0.0,163.0,163.0,0.0,163.0,11.01
61,08:22:20,S8,7,8:15-8:30,163.0,163.0,107,0.0,107.0,107.0,0.0,107.0,7.23
61,08:20:15,S9,8,8:15-8:30,107.0,62.0,61,0.0,61.0,61.0,0.0,106.0,7.16
61,08:18:30,S10,9,8:15-8:30,106.0,65.0,31,0.0,31.0,31.0,0.0,72.0,4.86
61,08:16:10,S11,10,8:15-8:30,72.0,72.0,132,0.0,132.0,132.0,0.0,132.0,8.92
61,08:14:10,S12,11,8:00-8:15,132.0,0.0,124,0.0,124.0,124.0,0.0,256.0,17.3
61,08:12:15,S13,12,8:00-8:15,256.0,0.0,160,0.0,160.0,160.0,0.0,416.0,28.11
61,08:10:30,S14,13,8:00-8:15,416.0,0.0,102,0.0,102.0,102.0,0.0,518.0,35.0
61,08:08:00,S15,14,8:00-8:15,518.0,0.0,86,0.0,86.0,86.0,0.0,604.0,40.81
61,08:05:45,S16,15,8:00-8:15,604.0,0.0,16,0.0,16.0,16.0,0.0,620.0,41.89
61,08:03:50,S17,16,8:00-8:15,620.0,0.0,26,0.0,26.0,26.0,0.0,646.0,43.65
61,08:01:20,S18,17,8:00-8:15,646.0,20.0,16,0.0,16.0,16.0,0.0,642.0,43.38
63,08:47:25,S1,0,8:45-9:00,0.0,0.0,0,0.0,0.0,0.0,0.0,0.0,0.0
63,08:44:45,S2,1,8:30-8:45,0.0,0.0,118,0.0,118.0,118.0,0.0,118.0,7.97
63,08:42:15,S3,2,8:30-8:45,118.0,118.0,111,0.0,111.0,111.0,0.0,111.0,7.5
63,08:38:50,S4,3,8:30-8:45,111.0,90.0,48,0.0,48.0,48.0,0.0,69.0,4.66
63,08:36:25,S5,4,8:30-8:45,69.0,69.0,333,0.0,333.0,333.0,0.0,333.0,22.5
63,08:30:10,S6,5,8:30-8:45,333.0,333.0,91,0.0,91.0,91.0,0.0,91.0,6.15
63,08:27:35,S7,6,8:15-8:30,91.0,91.0,135,0.0,135.0,135.0,0.0,135.0,9.12
63,08:25:20,S8,7,8:15-8:30,135.0,135.0,116,0.0,116.0,116.0,0.0,116.0,7.84
63,08:23:15,S9,8,8:15-8:30,116.0,0.0,57,0.0,57.0,57.0,0.0,173.0,11.69
63,08:21:30,S10,9,8:15-8:30,173.0,0.0,36,0.0,36.0,36.0,0.0,209.0,14.12
63,08:19:10,S11,10,8:15-8:30,209.0,199.0,67,0.0,67.0,67.0,0.0,77.0,5.2
63,08:17:10,S12,11,8:15-8:30,77.0,77.0,147,0.0,147.0,147.0,0.0,147.0,9.93
63,08:15:15,S13,12,8:15-8:30,147.0,114.0,178,0.0,178.0,178.0,0.0,211.0,14.26
63,08:13:30,S14,13,8:00-8:15,211.0,0.0,84,0.0,84.0,84.0,0.0,295.0,19.93
63,08:11:00,S15,14,8:00-8:15,295.0,0.0,79,0.0,79.0,79.0,0.0,374.0,25.27
63,08:08:45,S16,15,8:00-8:15,374.0,0.0,12,0.0,12.0,12.0,0.0,386.0,26.08
63,08:06:50,S17,16,8:00-8:15,386.0,0.0,28,0.0,28.0,28.0,0.0,414.0,27.97
63,08:04:20,S18,17,8:00-8:15,414.0,0.0,42,0.0,42.0,42.0,0.0,456.0,30.81
63,08:01:50,S19,18,8:00-8:15,456.0,12.0,37,0.0,37.0,37.0,0.0,481.0,32.5
65,08:33:20,S6,5,8:30-8:45,0.0,0.0,62,0.0,62.0,62.0,0.0,62.0,4.19
65,08:30:45,S7,6,8:30-8:45,62.0,62.0,175,0.0,175.0,175.0,0.0,175.0,11.82
65,08:28:30,S8,7,8:15-8:30,175.0,60.0,138,0.0,138.0,138.0,0.0,253.0,17.09
65,08:26:25,S9,8,8:15-8:30,253.0,0.0,50,0.0,50.0,50.0,0.0,303.0,20.47
65,08:24:40,S10,9,8:15-8:30,303.0,0.0,36,0.0,36.0,36.0,0.0,339.0,22.91
65,08:22:20,S11,10,8:15-8:30,339.0,0.0,120,0.0,120.0,120.0,0.0,459.0,31.01
65,08:20:20,S12,11,8:15-8:30,459.0,288.0,167,0.0,167.0,167.0,0.0,338.0,22.84
65,08:18:25,S13,12,8:15-8:30,338.0,0.0,155,0.0,155.0,155.0,0.0,493.0,33.31
65,08:16:40,S14,13,8:15-8:30,493.0,206.0,100,0.0,100.0,100.0,0.0,387.0,26.15
65,08:14:10,S15,14,8:00-8:15,387.0,0.0,72,0.0,72.0,72.0,0.0,459.0,31.01
65,08:11:55,S16,15,8:00-8:15,459.0,0.0,22,0.0,22.0,22.0,0.0,481.0,32.5
65,08:10:00,S17,16,8:00-8:15,481.0,0.0,33,0.0,33.0,33.0,0.0,514.0,34.73
65,08:07:30,S18,17,8:00-8:15,514.0,0.0,37,0.0,37.0,37.0,0.0,551.0,37.23
65,08:05:00,S19,18,8:00-8:15,551.0,0.0,47,0.0,47.0,47.0,0.0,598.0,40.41
67,08:53:45,S1,0,8:45-9:00,0.0,0.0,0,0.0,0.0,0.0,0.0,0.0,0.0
67,08:51:05,S2,1,8:45-9:00,0.0,0.0,67,0.0,67.0,67.0,0.0,67.0,4.53
67,08:48:35,S3,2,8:45-9:00,67.0,67.0,176,0.0,176.0,176.0,0.0,176.0,11.89
67,08:45:10,S4,3,8:45-9:00,176.0,176.0,49,0.0,49.0,49.0,0.0,49.0,3.31
67,08:42:45,S5,4,8:30-8:45,49.0,49.0,326,0.0,326.0,326.0,0.0,326.0,22.03
67,08:36:30,S6,5,8:30-8:45,326.0,287.0,74,0.0,74.0,74.0,0.0,113.0,7.64
67,08:33:55,S7,6,8:30-8:45,113.0,113.0,205,0.0,205.0,205.0,0.0,205.0,13.85
67,08:31:40,S8,7,8:30-8:45,205.0,205.0,188,0.0,188.0,188.0,0.0,188.0,12.7
67,08:29:35,S9,8,8:15-8:30,188.0,0.0,50,0.0,50.0,50.0,0.0,238.0,16.08
67,08:27:50,S10,9,8:15-8:30,238.0,0.0,41,0.0,41.0,41.0,0.0,279.0,18.85
67,08:25:30,S11,10,8:15-8:30,279.0,0.0,146,0.0,146.0,146.0,0.0,425.0,28.72
67,08:23:30,S12,11,8:15-8:30,425.0,0.0,170,0.0,170.0,170.0,0.0,595.0,40.2
67,08:21:35,S13,12,8:15-8:30,595.0,0.0,179,0.0,179.0,179.0,0.0,774.0,52.3
67,08:19:50,S14,13,8:15-8:30,774.0,0.0,74,0.0,74.0,74.0,0.0,848.0,57.3
67,08:17:20,S15,14,8:15-8:30,848.0,105.0,87,0.0,87.0,87.0,0.0,830.0,56.08
67,08:15:05,S16,15,8:15-8:30,830.0,34.0,22,0.0,22.0,22.0,0.0,818.0,55.27
67,08:13:10,S17,16,8:00-8:15,818.0,0.0,29,0.0,29.0,29.0,0.0,847.0,57.23
67,08:10:40,S18,17,8:00-8:15,847.0,0.0,57,0.0,57.0,57.0,0.0,904.0,61.08
67,08:08:10,S19,18,8:00-8:15,904.0,0.0,56,0.0,56.0,56.0,0.0,960.0,64.86
67,08:03:05,S21,20,8:00-8:15,960.0,1.0,51,0.0,51.0,51.0,0.0,1010.0,68.24
67,08:01:15,S22,21,8:00-8:15,1010.0,0.0,12,0.0,12.0,12.0,0.0,1022.0,69.05
69,08:39:40,S6,5,8:30-8:45,0.0,0.0,76,0.0,76.0,76.0,0.0,76.0,5.14
69,08:37:05,S7,6,8:30-8:45,76.0,76.0,179,0.0,179.0,179.0,0.0,179.0,12.09
69,08:34:50,S8,7,8:30-8:45,179.0,179.0,217,0.0,217.0,217.0,0.0,217.0,14.66
69,08:32:45,S9,8,8:30-8:45,217.0,217.0,58,0.0,58.0,58.0,0.0,58.0,3.92
69,08:31:00,S10,9,8:30-8:45,58.0,58.0,29,0.0,29.0,29.0,0.0,29.0,1.96
69,08:28:40,S11,10,8:15-8:30,29.0,0.0,125,0.0,125.0,125.0,0.0,154.0,10.41
69,08:26:40,S12,11,8:15-8:30,154.0,0.0,162,0.0,162.0,162.0,0.0,316.0,21.35
69,08:24:45,S13,12,8:15-8:30,316.0,0.0,148,0.0,148.0,148.0,0.0,464.0,31.35
69,08:23:00,S14,13,8:15-8:30,464.0,0.0,69,0.0,69.0,69.0,0.0,533.0,36.01
69,08:20:30,S15,14,8:15-8:30,533.0,0.0,72,0.0,72.0,72.0,0.0,605.0,40.88
69,08:18:15,S16,15,8:15-8:30,605.0,0.0,10,0.0,10.0,10.0,0.0,615.0,41.55
69,08:16:20,S17,16,8:15-8:30,615.0,3.0,27,0.0,27.0,27.0,0.0,639.0,43.18
69,08:13:50,S18,17,8:00-8:15,639.0,0.0,53,0.0,53.0,53.0,0.0,692.0,46.76
69,08:11:20,S19,18,8:00-8:15,692.0,0.0,54,0.0,54.0,54.0,0.0,746.0,50.41
69,08:06:15,S21,20,8:00-8:15,746.0,0.0,43,0.0,43.0,43.0,0.0,789.0,53.31
69,08:04:25,S22,21,8:00-8:15,789.0,0.0,31,0.0,31.0,31.0,0.0,820.0,55.41
71,09:00:05,S1,0,9:00-9:15,0.0,0.0,0,0.0,0.0,0.0,0.0,0.0,0.0
71,08:57:25,S2,1,8:45-9:00,0.0,0.0,109,0.0,109.0,109.0,0.0,109.0,7.36
71,08:54:55,S3,2,8:45-9:00,109.0,109.0,196,0.0,196.0,196.0,0.0,196.0,13.24
71,08:51:30,S4,3,8:45-9:00,196.0,196.0,50,0.0,50.0,50.0,0.0,50.0,3.38
71,08:49:05,S5,4,8:45-9:00,50.0,50.0,311,0.0,311.0,311.0,0.0,311.0,21.01
71,08:42:50,S6,5,8:30-8:45,311.0,0.0,87,0.0,87.0,87.0,0.0,398.0,26.89
71,08:40:15,S7,6,8:30-8:45,398.0,340.0,166,0.0,166.0,166.0,0.0,224.0,15.14
71,08:38:00,S8,7,8:30-8:45,224.0,224.0,138,0.0,138.0,138.0,0.0,138.0,9.32
71,08:35:55,S9,8,8:30-8:45,138.0,138.0,62,0.0,62.0,62.0,0.0,62.0,4.19
71,08:34:10,S10,9,8:30-8:45,62.0,62.0,25,0.0,25.0,25.0,0.0,25.0,1.69
71,08:31:50,S11,10,8:30-8:45,25.0,25.0,99,0.0,99.0,99.0,0.0,99.0,6.69
71,08:29:50,S12,11,8:15-8:30,99.0,0.0,180,0.0,180.0,180.0,0.0,279.0,18.85
71,08:27:55,S13,12,8:15-8:30,279.0,0.0,200,0.0,200.0,200.0,0.0,479.0,32.36
71,08:26:10,S14,13,8:15-8:30,479.0,0.0,82,0.0,82.0,82.0,0.0,561.0,37.91
71,08:23:40,S15,14,8:15-8:30,561.0,0.0,92,0.0,92.0,92.0,0.0,653.0,44.12
71,08:21:25,S16,15,8:15-8:30,653.0,0.0,8,0.0,8.0,8.0,0.0,661.0,44.66
71,08:19:30,S17,16,8:15-8:30,661.0,0.0,27,0.0,27.0,27.0,0.0,688.0,46.49
71,08:17:00,S18,17,8:15-8:30,688.0,40.0,36,0.0,36.0,36.0,0.0,684.0,46.22
71,08:14:30,S19,18,8:00-8:15,684.0,0.0,60,0.0,60.0,60.0,0.0,744.0,50.27
71,08:09:25,S21,20,8:00-8:15,744.0,0.0,47,0.0,47.0,47.0,0.0,791.0,53.45
71,08:07:35,S22,21,8:00-8:15,791.0,0.0,23,0.0,23.0,23.0,0.0,814.0,55.0
73,08:46:00,S6,5,8:45-9:00,0.0,0.0,78,0.0,78.0,78.0,0.0,78.0,5.27
73,08:43:25,S7,6,8:30-8:45,78.0,0.0,190,0.0,190.0,190.0,0.0,268.0,18.11
73,08:41:10,S8,7,8:30-8:45,268.0,213.0,187,0.0,187.0,187.0,0.0,242.0,16.35
73,08:39:05,S9,8,8:30-8:45,242.0,26.0,54,0.0,54.0,54.0,0.0,270.0,18.24
73,08:37:20,S10,9,8:30-8:45,270.0,49.0,30,0.0,30.0,30.0,0.0,251.0,16.96
73,08:35:00,S11,10,8:30-8:45,251.0,251.0,115,0.0,115.0,115.0,0.0,115.0,7.77
73,08:33:00,S12,11,8:30-8:45,115.0,115.0,192,0.0,192.0,192.0,0.0,192.0,12.97
73,08:31:05,S13,12,8:30-8:45,192.0,192.0,173,0.0,173.0,173.0,0.0,173.0,11.69
73,08:29:20,S14,13,8:15-8:30,173.0,0.0,97,0.0,97.0,97.0,0.0,270.0,18.24
73,08:26:50,S15,14,8:15-8:30,270.0,0.0,78,0.0,78.0,78.0,0.0,348.0,23.51
73,08:24:35,S16,15,8:15-8:30,348.0,0.0,8,0.0,8.0,8.0,0.0,356.0,24.05
73,08:22:40,S17,16,8:15-8:30,356.0,0.0,25,0.0,25.0,25.0,0.0,381.0,25.74
73,08:20:10,S18,17,8:15-8:30,381.0,0.0,47,0.0,47.0,47.0,0.0,428.0,28.92
73,08:17:40,S19,18,8:15-8:30,428.0,24.0,52,0.0,52.0,52.0,0.0,456.0,30.81
73,08:12:35,S21,20,8:00-8:15,456.0,0.0,45,0.0,45.0,45.0,0.0,501.0,33.85
73,08:10:45,S22,21,8:00-8:15,501.0,0.0,33,0.0,33.0,33.0,0.0,534.0,36.08
75,09:06:25,S1,0,9:00-9:15,0.0,0.0,0,0.0,0.0,0.0,0.0,0.0,0.0
75,09:03:45,S2,1,9:00-9:15,0.0,0.0,115,0.0,115.0,115.0,0.0,115.0,7.77
75,09:01:15,S3,2,9:00-9:15,115.0,115.0,175,0.0,175.0,175.0,0.0,175.0,11.82
75,08:57:50,S4,3,8:45-9:00,175.0,76.0,52,0.0,52.0,52.0,0.0,151.0,10.2
75,08:55:25,S5,4,8:45-9:00,151.0,151.0,476,0.0,476.0,476.0,0.0,476.0,32.16
75,08:49:10,S6,5,8:45-9:00,476.0,476.0,74,0.0,74.0,74.0,0.0,74.0,5.0
75,08:46:35,S7,6,8:45-9:00,74.0,74.0,204,0.0,204.0,204.0,0.0,204.0,13.78
75,08:44:20,S8,7,8:30-8:45,204.0,0.0,192,0.0,192.0,192.0,0.0,396.0,26.76
75,08:42:15,S9,8,8:30-8:45,396.0,0.0,74,0.0,74.0,74.0,0.0,470.0,31.76
75,08:40:30,S10,9,8:30-8:45,470.0,0.0,29,0.0,29.0,29.0,0.0,499.0,33.72
75,08:38:10,S11,10,8:30-8:45,499.0,212.0,86,0.0,86.0,86.0,0.0,373.0,25.2
75,08:36:10,S12,11,8:30-8:45,373.0,373.0,221,0.0,221.0,221.0,0.0,221.0,14.93
75,08:34:15,S13,12,8:30-8:45,221.0,208.0,150,0.0,150.0,150.0,0.0,163.0,11.01
75,08:32:30,S14,13,8:30-8:45,163.0,163.0,82,0.0,82.0,82.0,0.0,82.0,5.54
75,08:30:00,S15,14,8:30-8:45,82.0,82.0,106,0.0,106.0,106.0,0.0,106.0,7.16
75,08:27:45,S16,15,8:15-8:30,106.0,0.0,19,0.0,19.0,19.0,0.0,125.0,8.45
75,08:25:50,S17,16,8:15-8:30,125.0,0.0,27,0.0,27.0,27.0,0.0,152.0,10.27
75,08:23:20,S18,17,8:15-8:30,152.0,0.0,41,0.0,41.0,41.0,0.0,193.0,13.04
75,08:20:50,S19,18,8:15-8:30,193.0,0.0,44,0.0,44.0,44.0,0.0,237.0,16.01
75,08:15:45,S21,20,8:15-8:30,237.0,2.0,45,0.0,45.0,45.0,0.0,280.0,18.92
75,08:13:55,S22,21,8:00-8:15,280.0,0.0,35,0.0,35.0,35.0,0.0,315.0,21.28
77,08:52:20,S6,5,8:45-9:00,0.0,0.0,86,0.0,86.0,86.0,0.0,86.0,5.81
77,08:49:45,S7,6,8:45-9:00,86.0,86.0,258,0.0,258.0,258.0,0.0,258.0,17.43
77,08:47:30,S8,7,8:45-9:00,258.0,258.0,234,0.0,234.0,234.0,0.0,234.0,15.81
77,08:45:25,S9,8,8:45-9:00,234.0,234.0,54,0.0,54.0,54.0,0.0,54.0,3.65
77,08:43:40,S10,9,8:30-8:45,54.0,0.0,31,0.0,31.0,31.0,0.0,85.0,5.74
77,08:41:20,S11,10,8:30-8:45,85.0,0.0,124,0.0,124.0,124.0,0.0,209.0,14.12
77,08:39:20,S12,11,8:30-8:45,209.0,66.0,249,0.0,249.0,249.0,0.0,392.0,26.49
77,08:37:25,S13,12,8:30-8:45,392.0,0.0,150,0.0,150.0,150.0,0.0,542.0,36.62
77,08:35:40,S14,13,8:30-8:45,542.0,167.0,82,0.0,82.0,82.0,0.0,457.0,30.88
77,08:33:10,S15,14,8:30-8:45,457.0,104.0,92,0.0,92.0,92.0,0.0,445.0,30.07
77,08:30:55,S16,15,8:30-8:45,445.0,28.0,13,0.0,13.0,13.0,0.0,430.0,29.05
77,08:29:00,S17,16,8:15-8:30,430.0,0.0,29,0.0,29.0,29.0,0.0,459.0,31.01
77,08:26:30,S18,17,8:15-8:30,459.0,0.0,46,0.0,46.0,46.0,0.0,505.0,34.12
77,08:24:00,S19,18,8:15-8:30,505.0,0.0,47,0.0,47.0,47.0,0.0,552.0,37.3
77,08:18:55,S21,20,8:15-8:30,552.0,0.0,40,0.0,40.0,40.0,0.0,592.0,40.0
77,08:17:05,S22,21,8:15-8:30,592.0,0.0,32,0.0,32.0,32.0,0.0,624.0,42.16
79,09:12:50,S1,0,9:00-9:15,0.0,0.0,0,0.0,0.0,0.0,0.0,0.0,0.0
79,09:10:10,S2,1,9:00-9:15,0.0,0.0,102,0.0,102.0,102.0,0.0,102.0,6.89
79,09:07:40,S3,2,9:00-9:15,102.0,102.0,102,0.0,102.0,102.0,0.0,102.0,6.89
79,09:04:15,S4,3,9:00-9:15,102.0,102.0,44,0.0,44.0,44.0,0.0,44.0,2.97
79,09:01:50,S5,4,9:00-9:15,44.0,44.0,344,0.0,344.0,344.0,0.0,344.0,23.24
79,08:55:35,S6,5,8:45-9:00,344.0,344.0,77,0.0,77.0,77.0,0.0,77.0,5.2
79,08:53:00,S7,6,8:45-9:00,77.0,77.0,236,0.0,236.0,236.0,0.0,236.0,15.95
79,08:50:45,S8,7,8:45-9:00,236.0,236.0,252,0.0,252.0,252.0,0.0,252.0,17.03
79,08:48:40,S9,8,8:45-9:00,252.0,252.0,54,0.0,54.0,54.0,0.0,54.0,3.65
79,08:46:55,S10,9,8:45-9:00,54.0,54.0,28,0.0,28.0,28.0,0.0,28.0,1.89
79,08:44:35,S11,10,8:30-8:45,28.0,0.0,110,0.0,110.0,110.0,0.0,138.0,9.32
79,08:42:35,S12,11,8:30-8:45,138.0,0.0,242,0.0,242.0,242.0,0.0,380.0,25.68
79,08:40:40,S13,12,8:30-8:45,380.0,0.0,150,0.0,150.0,150.0,0.0,530.0,35.81
79,08:38:55,S14,13,8:30-8:45,530.0,0.0,75,0.0,75.0,75.0,0.0,605.0,40.88
79,08:36:25,S15,14,8:30-8:45,605.0,0.0,94,0.0,94.0,94.0,0.0,699.0,47.23
79,08:34:10,S16,15,8:30-8:45,699.0,0.0,14,0.0,14.0,14.0,0.0,713.0,48.18
79,08:32:15,S17,16,8:30-8:45,713.0,8.0,26,0.0,26.0,26.0,0.0,731.0,49.39
79,08:29:45,S18,17,8:15-8:30,731.0,0.0,64,0.0,64.0,64.0,0.0,795.0,53.72
79,08:27:15,S19,18,8:15-8:30,795.0,0.0,55,0.0,55.0,55.0,0.0,850.0,57.43
79,08:22:10,S21,20,8:15-8:30,850.0,0.0,43,0.0,43.0,43.0,0.0,893.0,60.34
79,08:20:20,S22,21,8:15-8:30,893.0,0.0,25,0.0,25.0,25.0,0.0,918.0,62.03
81,08:58:40,S6,5,8:45-9:00,0.0,0.0,69,0.0,69.0,69.0,0.0,69.0,4.66
81,08:56:05,S7,6,8:45-9:00,69.0,69.0,215,0.0,215.0,215.0,0.0,215.0,14.53
81,08:53:50,S8,7,8:45-9:00,215.0,215.0,228,0.0,228.0,228.0,0.0,228.0,15.41
81,08:51:45,S9,8,8:45-9:00,228.0,17.0,62,0.0,62.0,62.0,0.0,273.0,18.45
81,08:50:00,S10,9,8:45-9:00,273.0,220.0,30,0.0,30.0,30.0,0.0,83.0,5.61
81,08:47:40,S11,10,8:45-9:00,83.0,83.0,88,0.0,88.0,88.0,0.0,88.0,5.95
81,08:45:40,S12,11,8:45-9:00,88.0,88.0,192,0.0,192.0,192.0,0.0,192.0,12.97
81,08:43:45,S13,12,8:30-8:45,192.0,0.0,182,0.0,182.0,182.0,0.0,374.0,25.27
81,08:42:00,S14,13,8:30-8:45,374.0,0.0,80,0.0,80.0,80.0,0.0,454.0,30.68
81,08:39:30,S15,14,8:30-8:45,454.0,0.0,69,0.0,69.0,69.0,0.0,523.0,35.34
81,08:37:15,S16,15,8:30-8:45,523.0,0.0,16,0.0,16.0,16.0,0.0,539.0,36.42
81,08:35:20,S17,16,8:30-8:45,539.0,0.0,22,0.0,22.0,22.0,0.0,561.0,37.91
81,08:32:50,S18,17,8:30-8:45,561.0,61.0,38,0.0,38.0,38.0,0.0,538.0,36.35
81,08:30:20,S19,18,8:30-8:45,538.0,56.0,58,0.0,58.0,58.0,0.0,540.0,36.49
81,08:25:15,S21,20,8:15-8:30,540.0,0.0,28,0.0,28.0,28.0,0.0,568.0,38.38
81,08:23:25,S22,21,8:15-8:30,568.0,0.0,29,0.0,29.0,29.0,0.0,597.0,40.34
83,09:19:00,S1,0,9:15-9:30,0.0,0.0,0,0.0,0.0,0.0,0.0,0.0,0.0
83,09:16:20,S2,1,9:15-9:30,0.0,0.0,105,0.0,105.0,105.0,0.0,105.0,7.09
83,09:13:50,S3,2,9:00-9:15,105.0,105.0,101,0.0,101.0,101.0,0.0,101.0,6.82
83,09:10:25,S4,3,9:00-9:15,101.0,101.0,48,0.0,48.0,48.0,0.0,48.0,3.24
83,09:08:00,S5,4,9:00-9:15,48.0,48.0,247,0.0,247.0,247.0,0.0,247.0,16.69
83,09:01:45,S6,5,9:00-9:15,247.0,247.0,76,0.0,76.0,76.0,0.0,76.0,5.14
83,08:59:10,S7,6,8:45-9:00,76.0,76.0,186,0.0,186.0,186.0,0.0,186.0,12.57
83,08:56:55,S8,7,8:45-9:00,186.0,186.0,270,0.0,270.0,270.0,0.0,270.0,18.24
83,08:54:50,S9,8,8:45-9:00,270.0,0.0,52,0.0,52.0,52.0,0.0,322.0,21.76
83,08:53:05,S10,9,8:45-9:00,322.0,0.0,33,0.0,33.0,33.0,0.0,355.0,23.99
83,08:50:45,S11,10,8:45-9:00,355.0,355.0,91,0.0,91.0,91.0,0.0,91.0,6.15
83,08:48:45,S12,11,8:45-9:00,91.0,91.0,241,0.0,241.0,241.0,0.0,241.0,16.28
83,08:46:50,S13,12,8:45-9:00,241.0,241.0,147,0.0,147.0,147.0,0.0,147.0,9.93
83,08:45:05,S14,13,8:45-9:00,147.0,147.0,102,0.0,102.0,102.0,0.0,102.0,6.89
83,08:42:35,S15,14,8:30-8:45,102.0,0.0,82,0.0,82.0,82.0,0.0,184.0,12.43
83,08:40:20,S16,15,8:30-8:45,184.0,0.0,11,0.0,11.0,11.0,0.0,195.0,13.18
83,08:38:25,S17,16,8:30-8:45,195.0,0.0,28,0.0,28.0,28.0,0.0,223.0,15.07
83,08:35:55,S18,17,8:30-8:45,223.0,0.0,41,0.0,41.0,41.0,0.0,264.0,17.84
83,08:33:25,S19,18,8:30-8:45,264.0,0.0,35,0.0,35.0,35.0,0.0,299.0,20.2
83,08:28:20,S21,20,8:15-8:30,299.0,0.0,44,0.0,44.0,44.0,0.0,343.0,23.18
83,08:26:30,S22,21,8:15-8:30,343.0,0.0,41,0.0,41.0,41.0,0.0,384.0,25.95
85,09:05:05,S6,5,9:00-9:15,0.0,0.0,90,0.0,90.0,90.0,0.0,90.0,6.08
85,09:02:30,S7,6,9:00-9:15,90.0,90.0,210,0.0,210.0,210.0,0.0,210.0,14.19
85,09:00:15,S8,7,9:00-9:15,210.0,210.0,241,0.0,241.0,241.0,0.0,241.0,16.28
85,08:58:10,S9,8,8:45-9:00,241.0,0.0,70,0.0,70.0,70.0,0.0,311.0,21.01
85,08:56:25,S10,9,8:45-9:00,311.0,0.0,33,0.0,33.0,33.0,0.0,344.0,23.24
85,08:54:05,S11,10,8:45-9:00,344.0,241.0,119,0.0,119.0,119.0,0.0,222.0,15.0
85,08:52:05,S12,11,8:45-9:00,222.0,222.0,296,0.0,296.0,296.0,0.0,296.0,20.0
85,08:50:10,S13,12,8:45-9:00,296.0,43.0,177,0.0,177.0,177.0,0.0,430.0,29.05
85,08:48:25,S14,13,8:45-9:00,430.0,368.0,108,0.0,108.0,108.0,0.0,170.0,11.49
85,08:45:55,S15,14,8:45-9:00,170.0,170.0,80,0.0,80.0,80.0,0.0,80.0,5.41
85,08:43:40,S16,15,8:30-8:45,80.0,0.0,22,0.0,22.0,22.0,0.0,102.0,6.89
85,08:41:45,S17,16,8:30-8:45,102.0,0.0,24,0.0,24.0,24.0,0.0,126.0,8.51
85,08:39:15,S18,17,8:30-8:45,126.0,0.0,51,0.0,51.0,51.0,0.0,177.0,11.96
85,08:36:45,S19,18,8:30-8:45,177.0,0.0,40,0.0,40.0,40.0,0.0,217.0,14.66
85,08:31:40,S21,20,8:30-8:45,217.0,5.0,35,0.0,35.0,35.0,0.0,247.0,16.69
85,08:29:50,S22,21,8:15-8:30,247.0,0.0,32,0.0,32.0,32.0,0.0,279.0,18.85
87,09:25:20,S1,0,9:15-9:30,0.0,0.0,0,0.0,0.0,0.0,0.0,0.0,0.0
87,09:22:40,S2,1,9:15-9:30,0.0,0.0,110,0.0,110.0,110.0,0.0,110.0,7.43
87,09:20:10,S3,2,9:15-9:30,110.0,110.0,84,0.0,84.0,84.0,0.0,84.0,5.68
87,09:16:45,S4,3,9:15-9:30,84.0,84.0,49,0.0,49.0,49.0,0.0,49.0,3.31
87,09:14:20,S5,4,9:00-9:15,49.0,49.0,228,0.0,228.0,228.0,0.0,228.0,15.41
87,09:08:05,S6,5,9:00-9:15,228.0,228.0,56,0.0,56.0,56.0,0.0,56.0,3.78
87,09:05:30,S7,6,9:00-9:15,56.0,56.0,108,0.0,108.0,108.0,0.0,108.0,7.3
87,09:03:15,S8,7,9:00-9:15,108.0,108.0,110,0.0,110.0,110.0,0.0,110.0,7.43
87,09:01:10,S9,8,9:00-9:15,110.0,110.0,77,0.0,77.0,77.0,0.0,77.0,5.2
87,08:59:25,S10,9,8:45-9:00,77.0,0.0,34,0.0,34.0,34.0,0.0,111.0,7.5
87,08:57:05,S11,10,8:45-9:00,111.0,0.0,149,0.0,149.0,149.0,0.0,260.0,17.57
87,08:55:05,S12,11,8:45-9:00,260.0,260.0,246,0.0,246.0,246.0,0.0,246.0,16.62
87,08:53:10,S13,12,8:45-9:00,246.0,0.0,123,0.0,123.0,123.0,0.0,369.0,24.93
87,08:51:25,S14,13,8:45-9:00,369.0,0.0,82,0.0,82.0,82.0,0.0,451.0,30.47
87,08:48:55,S15,14,8:45-9:00,451.0,92.0,96,0.0,96.0,96.0,0.0,455.0,30.74
87,08:46:40,S16,15,8:45-9:00,455.0,85.0,20,0.0,20.0,20.0,0.0,390.0,26.35
87,08:44:45,S17,16,8:30-8:45,390.0,0.0,19,0.0,19.0,19.0,0.0,409.0,27.64
87,08:42:15,S18,17,8:30-8:45,409.0,0.0,44,0.0,44.0,44.0,0.0,453.0,30.61
87,08:39:45,S19,18,8:30-8:45,453.0,0.0,55,0.0,55.0,55.0,0.0,508.0,34.32
87,08:34:40,S21,20,8:30-8:45,508.0,0.0,30,0.0,30.0,30.0,0.0,538.0,36.35
87,08:32:50,S22,21,8:30-8:45,538.0,0.0,33,0.0,33.0,33.0,0.0,571.0,38.58
89,09:11:15,S6,5,9:00-9:15,0.0,0.0,59,0.0,59.0,59.0,0.0,59.0,3.99
89,09:08:40,S7,6,9:00-9:15,59.0,59.0,122,0.0,122.0,122.0,0.0,122.0,8.24
89,09:06:25,S8,7,9:00-9:15,122.0,122.0,130,0.0,130.0,130.0,0.0,130.0,8.78
89,09:04:20,S9,8,9:00-9:15,130.0,130.0,53,0.0,53.0,53.0,0.0,53.0,3.58
89,09:02:35,S10,9,9:00-9:15,53.0,53.0,31,0.0,31.0,31.0,0.0,31.0,2.09
89,09:00:15,S11,10,9:00-9:15,31.0,31.0,90,0.0,90.0,90.0,0.0,90.0,6.08
89,08:58:15,S12,11,8:45-9:00,90.0,90.0,266,0.0,266.0,266.0,0.0,266.0,17.97
89,08:56:20,S13,12,8:45-9:00,266.0,0.0,177,0.0,177.0,177.0,0.0,443.0,29.93
89,08:54:35,S14,13,8:45-9:00,443.0,0.0,97,0.0,97.0,97.0,0.0,540.0,36.49
89,08:52:05,S15,14,8:45-9:00,540.0,0.0,93,0.0,93.0,93.0,0.0,633.0,42.77
89,08:49:50,S16,15,8:45-9:00,633.0,0.0,11,0.0,11.0,11.0,0.0,644.0,43.51
89,08:47:55,S17,16,8:45-9:00,644.0,7.0,24,0.0,24.0,24.0,0.0,661.0,44.66
89,08:45:25,S18,17,8:45-9:00,661.0,101.0,45,0.0,45.0,45.0,0.0,605.0,40.88
89,08:42:55,S19,18,8:30-8:45,605.0,0.0,50,0.0,50.0,50.0,0.0,655.0,44.26
89,08:37:50,S21,20,8:30-8:45,655.0,0.0,28,0.0,28.0,28.0,0.0,683.0,46.15
89,08:36:00,S22,21,8:30-8:45,683.0,0.0,35,0.0,35.0,35.0,0.0,718.0,48.51
91,09:31:45,S1,0,9:30-9:45,0.0,0.0,0,0.0,0.0,0.0,0.0,0.0,0.0
91,09:29:05,S2,1,9:15-9:30,0.0,0.0,81,0.0,81.0,81.0,0.0,81.0,5.47
91,09:26:35,S3,2,9:15-9:30,81.0,81.0,70,0.0,70.0,70.0,0.0,70.0,4.73
91,09:23:10,S4,3,9:15-9:30,70.0,70.0,49,0.0,49.0,49.0,0.0,49.0,3.31
91,09:20:45,S5,4,9:15-9:30,49.0,49.0,162,0.0,162.0,162.0,0.0,162.0,10.95
91,09:14:30,S6,5,9:00-9:15,162.0,162.0,85,0.0,85.0,85.0,0.0,85.0,5.74
91,09:11:55,S7,6,9:00-9:15,85.0,85.0,130,0.0,130.0,130.0,0.0,130.0,8.78
91,09:09:40,S8,7,9:00-9:15,130.0,130.0,119,0.0,119.0,119.0,0.0,119.0,8.04
91,09:07:35,S9,8,9:00-9:15,119.0,119.0,55,0.0,55.0,55.0,0.0,55.0,3.72
91,09:05:50,S10,9,9:00-9:15,55.0,55.0,25,0.0,25.0,25.0,0.0,25.0,1.69
91,09:03:30,S11,10,9:00-9:15,25.0,25.0,136,0.0,136.0,136.0,0.0,136.0,9.19
91,09:01:30,S12,11,9:00-9:15,136.0,136.0,242,0.0,242.0,242.0,0.0,242.0,16.35
91,08:59:35,S13,12,8:45-9:00,242.0,0.0,170,0.0,170.0,170.0,0.0,412.0,27.84
91,08:57:50,S14,13,8:45-9:00,412.0,0.0,92,0.0,92.0,92.0,0.0,504.0,34.05
91,08:55:20,S15,14,8:45-9:00,504.0,0.0,93,0.0,93.0,93.0,0.0,597.0,40.34
91,08:53:05,S16,15,8:45-9:00,597.0,0.0,5,0.0,5.0,5.0,0.0,602.0,40.68
91,08:51:10,S17,16,8:45-9:00,602.0,0.0,25,0.0,25.0,25.0,0.0,627.0,42.36
91,08:48:40,S18,17,8:45-9:00,627.0,0.0,47,0.0,47.0,47.0,0.0,674.0,45.54
91,08:46:10,S19,18,8:45-9:00,674.0,60.0,47,0.0,47.0,47.0,0.0,661.0,44.66
91,08:41:05,S21,20,8:30-8:45,661.0,0.0,44,0.0,44.0,44.0,0.0,705.0,47.64
91,08:39:15,S22,21,8:30-8:45,705.0,0.0,26,0.0,26.0,26.0,0.0,731.0,49.39
93,09:17:40,S6,5,9:15-9:30,0.0,0.0,77,0.0,77.0,77.0,0.0,77.0,5.2
93,09:15:05,S7,6,9:15-9:30,77.0,77.0,156,0.0,156.0,156.0,0.0,156.0,10.54
93,09:12:50,S8,7,9:00-9:15,156.0,156.0,159,0.0,159.0,159.0,0.0,159.0,10.74
93,09:10:45,S9,8,9:00-9:15,159.0,44.0,59,0.0,59.0,59.0,0.0,174.0,11.76
93,09:09:00,S10,9,9:00-9:15,174.0,111.0,33,0.0,33.0,33.0,0.0,96.0,6.49
93,09:06:40,S11,10,9:00-9:15,96.0,96.0,83,0.0,83.0,83.0,0.0,83.0,5.61
93,09:04:40,S12,11,9:00-9:15,83.0,83.0,161,0.0,161.0,161.0,0.0,161.0,10.88
93,09:02:45,S13,12,9:00-9:15,161.0,161.0,164,0.0,164.0,164.0,0.0,164.0,11.08
93,09:01:00,S14,13,9:00-9:15,164.0,164.0,106,0.0,106.0,106.0,0.0,106.0,7.16
93,08:58:30,S15,14,8:45-9:00,106.0,0.0,87,0.0,87.0,87.0,0.0,193.0,13.04
93,08:56:15,S16,15,8:45-9:00,193.0,0.0,18,0.0,18.0,18.0,0.0,211.0,14.26
93,08:54:20,S17,16,8:45-9:00,211.0,0.0,23,0.0,23.0,23.0,0.0,234.0,15.81
93,08:51:50,S18,17,8:45-9:00,234.0,0.0,43,0.0,43.0,43.0,0.0,277.0,18.72
93,08:49:20,S19,18,8:45-9:00,277.0,0.0,31,0.0,31.0,31.0,0.0,308.0,20.81
93,08:44:15,S21,20,8:30-8:45,308.0,0.0,56,0.0,56.0,56.0,0.0,364.0,24.59
93,08:42:25,S22,21,8:30-8:45,364.0,0.0,34,0.0,34.0,34.0,0.0,398.0,26.89
95,09:38:10,S1,0,9:30-9:45,0.0,0.0,0,0.0,0.0,0.0,0.0,0.0,0.0
95,09:35:30,S2,1,9:30-9:45,0.0,0.0,87,0.0,87.0,87.0,0.0,87.0,5.88
95,09:33:00,S3,2,9:30-9:45,87.0,87.0,51,0.0,51.0,51.0,0.0,51.0,3.45
95,09:29:35,S4,3,9:15-9:30,51.0,51.0,55,0.0,55.0,55.0,0.0,55.0,3.72
95,09:27:10,S5,4,9:15-9:30,55.0,55.0,164,0.0,164.0,164.0,0.0,164.0,11.08
95,09:20:55,S6,5,9:15-9:30,164.0,164.0,50,0.0,50.0,50.0,0.0,50.0,3.38
95,09:18:20,S7,6,9:15-9:30,50.0,50.0,98,0.0,98.0,98.0,0.0,98.0,6.62
95,09:16:05,S8,7,9:15-9:30,98.0,98.0,136,0.0,136.0,136.0,0.0,136.0,9.19
95,09:14:00,S9,8,9:00-9:15,136.0,0.0,53,0.0,53.0,53.0,0.0,189.0,12.77
95,09:12:15,S10,9,9:00-9:15,189.0,0.0,30,0.0,30.0,30.0,0.0,219.0,14.8
95,09:09:55,S11,10,9:00-9:15,219.0,219.0,115,0.0,115.0,115.0,0.0,115.0,7.77
95,09:07:55,S12,11,9:00-9:15,115.0,115.0,188,0.0,188.0,188.0,0.0,188.0,12.7
95,09:06:00,S13,12,9:00-9:15,188.0,66.0,138,0.0,138.0,138.0,0.0,260.0,17.57
95,09:04:15,S14,13,9:00-9:15,260.0,248.0,109,0.0,109.0,109.0,0.0,121.0,8.18
95,09:01:45,S15,14,9:00-9:15,121.0,121.0,81,0.0,81.0,81.0,0.0,81.0,5.47
95,08:59:30,S16,15,8:45-9:00,81.0,0.0,19,0.0,19.0,19.0,0.0,100.0,6.76
95,08:57:35,S17,16,8:45-9:00,100.0,0.0,26,0.0,26.0,26.0,0.0,126.0,8.51
95,08:55:05,S18,17,8:45-9:00,126.0,0.0,48,0.0,48.0,48.0,0.0,174.0,11.76
95,08:52:35,S19,18,8:45-9:00,174.0,0.0,47,0.0,47.0,47.0,0.0,221.0,14.93
95,08:47:30,S21,20,8:45-9:00,221.0,6.0,34,0.0,34.0,34.0,0.0,249.0,16.82
95,08:45:40,S22,21,8:45-9:00,249.0,0.0,32,0.0,32.0,32.0,0.0,281.0,18.99
97,09:24:05,S6,5,9:15-9:30,0.0,0.0,95,0.0,95.0,95.0,0.0,95.0,6.42
97,09:21:30,S7,6,9:15-9:30,95.0,95.0,104,0.0,104.0,104.0,0.0,104.0,7.03
97,09:19:15,S8,7,9:15-9:30,104.0,104.0,85,0.0,85.0,85.0,0.0,85.0,5.74
97,09:17:10,S9,8,9:15-9:30,85.0,85.0,50,0.0,50.0,50.0,0.0,50.0,3.38
97,09:15:25,S10,9,9:15-9:30,50.0,50.0,36,0.0,36.0,36.0,0.0,36.0,2.43
97,09:13:05,S11,10,9:00-9:15,36.0,36.0,125,0.0,125.0,125.0,0.0,125.0,8.45
97,09:11:05,S12,11,9:00-9:15,125.0,125.0,159,0.0,159.0,159.0,0.0,159.0,10.74
97,09:09:10,S13,12,9:00-9:15,159.0,0.0,156,0.0,156.0,156.0,0.0,315.0,21.28
97,09:07:25,S14,13,9:00-9:15,315.0,0.0,85,0.0,85.0,85.0,0.0,400.0,27.03
97,09:04:55,S15,14,9:00-9:15,400.0,88.0,92,0.0,92.0,92.0,0.0,404.0,27.3
97,09:02:40,S16,15,9:00-9:15,404.0,68.0,15,0.0,15.0,15.0,0.0,351.0,23.72
97,09:00:45,S17,16,9:00-9:15,351.0,5.0,23,0.0,23.0,23.0,0.0,369.0,24.93
97,08:58:15,S18,17,8:45-9:00,369.0,0.0,47,0.0,47.0,47.0,0.0,416.0,28.11
97,08:55:45,S19,18,8:45-9:00,416.0,0.0,39,0.0,39.0,39.0,0.0,455.0,30.74
97,08:50:40,S21,20,8:45-9:00,455.0,0.0,40,0.0,40.0,40.0,0.0,495.0,33.45
97,08:48:50,S22,21,8:45-9:00,495.0,0.0,23,0.0,23.0,23.0,0.0,518.0,35.0
99,09:44:25,S1,0,9:30-9:45,0.0,0.0,0,0.0,0.0,0.0,0.0,0.0,0.0
99,09:41:45,S2,1,9:30-9:45,0.0,0.0,112,0.0,112.0,112.0,0.0,112.0,7.57
99,09:39:15,S3,2,9:30-9:45,112.0,112.0,13,0.0,13.0,13.0,0.0,13.0,0.88
99,09:35:50,S4,3,9:30-9:45,13.0,13.0,50,0.0,50.0,50.0,0.0,50.0,3.38
99,09:33:25,S5,4,9:30-9:45,50.0,50.0,98,0.0,98.0,98.0,0.0,98.0,6.62
99,09:27:10,S6,5,9:15-9:30,98.0,98.0,84,0.0,84.0,84.0,0.0,84.0,5.68
99,09:24:35,S7,6,9:15-9:30,84.0,84.0,89,0.0,89.0,89.0,0.0,89.0,6.01
99,09:22:20,S8,7,9:15-9:30,89.0,89.0,99,0.0,99.0,99.0,0.0,99.0,6.69
99,09:20:15,S9,8,9:15-9:30,99.0,99.0,48,0.0,48.0,48.0,0.0,48.0,3.24
99,09:18:30,S10,9,9:15-9:30,48.0,48.0,24,0.0,24.0,24.0,0.0,24.0,1.62
99,09:16:10,S11,10,9:15-9:30,24.0,24.0,108,0.0,108.0,108.0,0.0,108.0,7.3
99,09:14:10,S12,11,9:00-9:15,108.0,108.0,168,0.0,168.0,168.0,0.0,168.0,11.35
99,09:12:15,S13,12,9:00-9:15,168.0,0.0,213,0.0,213.0,213.0,0.0,381.0,25.74
99,09:10:30,S14,13,9:00-9:15,381.0,0.0,96,0.0,96.0,96.0,0.0,477.0,32.23
99,09:08:00,S15,14,9:00-9:15,477.0,0.0,74,0.0,74.0,74.0,0.0,551.0,37.23
99,09:05:45,S16,15,9:00-9:15,551.0,0.0,7,0.0,7.0,7.0,0.0,558.0,37.7
99,09:03:50,S17,16,9:00-9:15,558.0,0.0,24,0.0,24.0,24.0,0.0,582.0,39.32
99,09:01:20,S18,17,9:00-9:15,582.0,81.0,53,0.0,53.0,53.0,0.0,554.0,37.43
99,08:58:50,S19,18,8:45-9:00,554.0,0.0,63,0.0,63.0,63.0,0.0,617.0,41.69
99,08:53:45,S21,20,8:45-9:00,617.0,0.0,28,0.0,28.0,28.0,0.0,645.0,43.58
99,08:51:55,S22,21,8:45-9:00,645.0,0.0,24,0.0,24.0,24.0,0.0,669.0,45.2
101,09:30:20,S6,5,9:30-9:45,0.0,0.0,91,0.0,91.0,91.0,0.0,91.0,6.15
101,09:27:45,S7,6,9:15-9:30,91.0,91.0,84,0.0,84.0,84.0,0.0,84.0,5.68
101,09:25:30,S8,7,9:15-9:30,84.0,84.0,87,0.0,87.0,87.0,0.0,87.0,5.88
101,09:23:25,S9,8,9:15-9:30,87.0,58.0,56,0.0,56.0,56.0,0.0,85.0,5.74
101,09:21:40,S10,9,9:15-9:30,85.0,33.0,33,0.0,33.0,33.0,0.0,85.0,5.74
101,09:19:20,S11,10,9:15-9:30,85.0,85.0,107,0.0,107.0,107.0,0.0,107.0,7.23
101,09:17:20,S12,11,9:15-9:30,107.0,107.0,100,0.0,100.0,100.0,0.0,100.0,6.76
101,09:15:25,S13,12,9:15-9:30,100.0,100.0,201,0.0,201.0,201.0,0.0,201.0,13.58
101,09:13:40,S14,13,9:00-9:15,201.0,0.0,103,0.0,103.0,103.0,0.0,304.0,20.54
101,09:11:10,S15,14,9:00-9:15,304.0,0.0,83,0.0,83.0,83.0,0.0,387.0,26.15
101,09:08:55,S16,15,9:00-9:15,387.0,0.0,11,0.0,11.0,11.0,0.0,398.0,26.89
101,09:07:00,S17,16,9:00-9:15,398.0,0.0,24,0.0,24.0,24.0,0.0,422.0,28.51
101,09:04:30,S18,17,9:00-9:15,422.0,0.0,51,0.0,51.0,51.0,0.0,473.0,31.96
101,09:02:00,S19,18,9:00-9:15,473.0,48.0,54,0.0,54.0,54.0,0.0,479.0,32.36
101,08:56:55,S21,20,8:45-9:00,479.0,0.0,47,0.0,47.0,47.0,0.0,526.0,35.54
101,08:55:05,S22,21,8:45-9:00,526.0,0.0,26,0.0,26.0,26.0,0.0,552.0,37.3
103,09:50:45,S1,0,9:45-10:00,0.0,0.0,0,0.0,0.0,0.0,0.0,0.0,0.0
103,09:48:05,S2,1,9:45-10:00,0.0,0.0,81,0.0,81.0,81.0,0.0,81.0,5.47
103,09:45:35,S3,2,9:45-10:00,81.0,81.0,30,0.0,30.0,30.0,0.0,30.0,2.03
103,09:42:10,S4,3,9:30-9:45,30.0,30.0,52,0.0,52.0,52.0,0.0,52.0,3.51
103,09:39:45,S5,4,9:30-9:45,52.0,52.0,47,0.0,47.0,47.0,0.0,47.0,3.18
103,09:33:30,S6,5,9:30-9:45,47.0,47.0,85,0.0,85.0,85.0,0.0,85.0,5.74
103,09:30:55,S7,6,9:30-9:45,85.0,85.0,75,0.0,75.0,75.0,0.0,75.0,5.07
103,09:28:40,S8,7,9:15-9:30,75.0,75.0,75,0.0,75.0,75.0,0.0,75.0,5.07
103,09:26:35,S9,8,9:15-9:30,75.0,0.0,56,0.0,56.0,56.0,0.0,131.0,8.85
103,09:24:50,S10,9,9:15-9:30,131.0,0.0,29,0.0,29.0,29.0,0.0,160.0,10.81
103,09:22:30,S11,10,9:15-9:30,160.0,160.0,99,0.0,99.0,99.0,0.0,99.0,6.69
103,09:20:30,S12,11,9:15-9:30,99.0,99.0,106,0.0,106.0,106.0,0.0,106.0,7.16
103,09:18:35,S13,12,9:15-9:30,106.0,36.0,186,0.0,186.0,186.0,0.0,256.0,17.3
103,09:16:50,S14,13,9:15-9:30,256.0,247.0,96,0.0,96.0,96.0,0.0,105.0,7.09
103,09:14:20,S15,14,9:00-9:15,105.0,0.0,92,0.0,92.0,92.0,0.0,197.0,13.31
103,09:12:05,S16,15,9:00-9:15,197.0,0.0,19,0.0,19.0,19.0,0.0,216.0,14.59
103,09:10:10,S17,16,9:00-9:15,216.0,0.0,24,0.0,24.0,24.0,0.0,240.0,16.22
103,09:07:40,S18,17,9:00-9:15,240.0,0.0,43,0.0,43.0,43.0,0.0,283.0,19.12
103,09:05:10,S19,18,9:00-9:15,283.0,0.0,43,0.0,43.0,43.0,0.0,326.0,22.03
103,09:00:05,S21,20,9:00-9:15,326.0,4.0,43,0.0,43.0,43.0,0.0,365.0,24.66
103,08:58:15,S22,21,8:45-9:00,365.0,0.0,30,0.0,30.0,30.0,0.0,395.0,26.69
105,09:36:40,S6,5,9:30-9:45,0.0,0.0,68,0.0,68.0,68.0,0.0,68.0,4.59
105,09:34:05,S7,6,9:30-9:45,68.0,68.0,25,0.0,25.0,25.0,0.0,25.0,1.69
105,09:31:50,S8,7,9:30-9:45,25.0,25.0,64,0.0,64.0,64.0,0.0,64.0,4.32
105,09:29:45,S9,8,9:15-9:30,64.0,0.0,50,0.0,50.0,50.0,0.0,114.0,7.7
105,09:28:00,S10,9,9:15-9:30,114.0,0.0,29,0.0,29.0,29.0,0.0,143.0,9.66
105,09:25:40,S11,10,9:15-9:30,143.0,57.0,125,0.0,125.0,125.0,0.0,211.0,14.26
105,09:23:40,S12,11,9:15-9:30,211.0,211.0,78,0.0,78.0,78.0,0.0,78.0,5.27
105,09:21:45,S13,12,9:15-9:30,78.0,0.0,161,0.0,161.0,161.0,0.0,239.0,16.15
105,09:20:00,S14,13,9:15-9:30,239.0,0.0,70,0.0,70.0,70.0,0.0,309.0,20.88
105,09:17:30,S15,14,9:15-9:30,309.0,126.0,80,0.0,80.0,80.0,0.0,263.0,17.77
105,09:15:15,S16,15,9:15-9:30,263.0,41.0,19,0.0,19.0,19.0,0.0,241.0,16.28
105,09:13:20,S17,16,9:00-9:15,241.0,0.0,26,0.0,26.0,26.0,0.0,267.0,18.04
105,09:10:50,S18,17,9:00-9:15,267.0,0.0,56,0.0,56.0,56.0,0.0,323.0,21.82
105,09:08:20,S19,18,9:00-9:15,323.0,0.0,53,0.0,53.0,53.0,0.0,376.0,25.41
105,09:03:15,S21,20,9:00-9:15,376.0,0.0,37,0.0,37.0,37.0,0.0,413.0,27.91
105,09:01:25,S22,21,9:00-9:15,413.0,0.0,24,0.0,24.0,24.0,0.0,437.0,29.53
107,09:57:05,S1,0,9:45-10:00,0.0,0.0,0,0.0,0.0,0.0,0.0,0.0,0.0
107,09:54:25,S2,1,9:45-10:00,0.0,0.0,88,0.0,88.0,88.0,0.0,88.0,5.95
107,09:51:55,S3,2,9:45-10:00,88.0,88.0,9,0.0,9.0,9.0,0.0,9.0,0.61
107,09:48:30,S4,3,9:45-10:00,9.0,9.0,54,0.0,54.0,54.0,0.0,54.0,3.65
107,09:46:05,S5,4,9:45-10:00,54.0,54.0,44,0.0,44.0,44.0,0.0,44.0,2.97
107,09:39:50,S6,5,9:30-9:45,44.0,44.0,68,0.0,68.0,68.0,0.0,68.0,4.59
107,09:37:15,S7,6,9:30-9:45,68.0,68.0,33,0.0,33.0,33.0,0.0,33.0,2.23
107,09:35:00,S8,7,9:30-9:45,33.0,33.0,24,0.0,24.0,24.0,0.0,24.0,1.62
107,09:32:55,S9,8,9:30-9:45,24.0,24.0,56,0.0,56.0,56.0,0.0,56.0,3.78
107,09:31:10,S10,9,9:30-9:45,56.0,56.0,29,0.0,29.0,29.0,0.0,29.0,1.96
107,09:28:50,S11,10,9:15-9:30,29.0,0.0,111,0.0,111.0,111.0,0.0,140.0,9.46
107,09:26:50,S12,11,9:15-9:30,140.0,21.0,117,0.0,117.0,117.0,0.0,236.0,15.95
107,09:24:55,S13,12,9:15-9:30,236.0,0.0,143,0.0,143.0,143.0,0.0,379.0,25.61
107,09:23:10,S14,13,9:15-9:30,379.0,0.0,81,0.0,81.0,81.0,0.0,460.0,31.08
107,09:20:40,S15,14,9:15-9:30,460.0,0.0,81,0.0,81.0,81.0,0.0,541.0,36.55
107,09:18:25,S16,15,9:15-9:30,541.0,0.0,14,0.0,14.0,14.0,0.0,555.0,37.5
107,09:16:30,S17,16,9:15-9:30,555.0,3.0,27,0.0,27.0,27.0,0.0,579.0,39.12
107,09:14:00,S18,17,9:00-9:15,579.0,0.0,65,0.0,65.0,65.0,0.0,644.0,43.51
107,09:11:30,S19,18,9:00-9:15,644.0,0.0,53,0.0,53.0,53.0,0.0,697.0,47.09
107,09:06:25,S21,20,9:00-9:15,697.0,0.0,37,0.0,37.0,37.0,0.0,734.0,49.59
107,09:04:35,S22,21,9:00-9:15,734.0,0.0,33,0.0,33.0,33.0,0.0,767.0,51.82
109,09:57:45,S2,1,9:45-10:00,0.0,0.0,70,0.0,70.0,70.0,0.0,70.0,4.73
109,09:55:15,S3,2,9:45-10:00,70.0,52.0,9,0.0,9.0,9.0,0.0,27.0,1.82
109,09:51:50,S4,3,9:45-10:00,27.0,27.0,27,0.0,27.0,27.0,0.0,27.0,1.82
109,09:49:25,S5,4,9:45-10:00,27.0,27.0,10,0.0,10.0,10.0,0.0,10.0,0.68
109,09:43:10,S6,5,9:30-9:45,10.0,10.0,76,0.0,76.0,76.0,0.0,76.0,5.14
109,09:40:35,S7,6,9:30-9:45,76.0,39.0,32,0.0,32.0,32.0,0.0,69.0,4.66
109,09:38:20,S8,7,9:30-9:45,69.0,69.0,26,0.0,26.0,26.0,0.0,26.0,1.76
109,09:36:15,S9,8,9:30-9:45,26.0,26.0,65,0.0,65.0,65.0,0.0,65.0,4.39
109,09:34:30,S10,9,9:30-9:45,65.0,21.0,32,0.0,32.0,32.0,0.0,76.0,5.14
109,09:32:10,S11,10,9:30-9:45,76.0,76.0,143,0.0,143.0,143.0,0.0,143.0,9.66
109,09:30:10,S12,11,9:30-9:45,143.0,143.0,104,0.0,104.0,104.0,0.0,104.0,7.03
109,09:28:15,S13,12,9:15-9:30,104.0,0.0,180,0.0,180.0,180.0,0.0,284.0,19.19
109,09:26:30,S14,13,9:15-9:30,284.0,0.0,95,0.0,95.0,95.0,0.0,379.0,25.61
109,09:24:00,S15,14,9:15-9:30,379.0,0.0,95,0.0,95.0,95.0,0.0,474.0,32.03
109,09:21:45,S16,15,9:15-9:30,474.0,0.0,6,0.0,6.0,6.0,0.0,480.0,32.43
109,09:19:50,S17,16,9:15-9:30,480.0,0.0,24,0.0,24.0,24.0,0.0,504.0,34.05
109,09:17:20,S18,17,9:15-9:30,504.0,48.0,38,0.0,38.0,38.0,0.0,494.0,33.38
109,09:14:50,S19,18,9:00-9:15,494.0,0.0,70,0.0,70.0,70.0,0.0,564.0,38.11
109,09:09:45,S21,20,9:00-9:15,564.0,0.0,43,0.0,43.0,43.0,0.0,607.0,41.01
109,09:07:55,S22,21,9:00-9:15,607.0,0.0,30,0.0,30.0,30.0,0.0,637.0,43.04
111,09:58:15,S3,2,9:45-10:00,0.0,0.0,11,0.0,11.0,11.0,0.0,11.0,0.74
111,09:54:50,S4,3,9:45-10:00,11.0,11.0,25,0.0,25.0,25.0,0.0,25.0,1.69
111,09:52:25,S5,4,9:45-10:00,25.0,25.0,9,0.0,9.0,9.0,0.0,9.0,0.61
111,09:46:10,S6,5,9:45-10:00,9.0,9.0,64,0.0,64.0,64.0,0.0,64.0,4.32
111,09:43:35,S7,6,9:30-9:45,64.0,0.0,28,0.0,28.0,28.0,0.0,92.0,6.22
111,09:41:20,S8,7,9:30-9:45,92.0,92.0,25,0.0,25.0,25.0,0.0,25.0,1.69
111,09:39:15,S9,8,9:30-9:45,25.0,25.0,64,0.0,64.0,64.0,0.0,64.0,4.32
111,09:37:30,S10,9,9:30-9:45,64.0,0.0,34,0.0,34.0,34.0,0.0,98.0,6.62
111,09:35:10,S11,10,9:30-9:45,98.0,98.0,107,0.0,107.0,107.0,0.0,107.0,7.23
111,09:33:10,S12,11,9:30-9:45,107.0,107.0,26,0.0,26.0,26.0,0.0,26.0,1.76
111,09:31:15,S13,12,9:30-9:45,26.0,26.0,166,0.0,166.0,166.0,0.0,166.0,11.22
111,09:29:30,S14,13,9:15-9:30,166.0,0.0,79,0.0,79.0,79.0,0.0,245.0,16.55
111,09:27:00,S15,14,9:15-9:30,245.0,0.0,89,0.0,89.0,89.0,0.0,334.0,22.57
111,09:24:45,S16,15,9:15-9:30,334.0,0.0,11,0.0,11.0,11.0,0.0,345.0,23.31
111,09:22:50,S17,16,9:15-9:30,345.0,0.0,22,0.0,22.0,22.0,0.0,367.0,24.8
111,09:20:20,S18,17,9:15-9:30,367.0,0.0,34,0.0,34.0,34.0,0.0,401.0,27.09
111,09:17:50,S19,18,9:15-9:30,401.0,29.0,54,0.0,54.0,54.0,0.0,426.0,28.78
111,09:12:45,S21,20,9:00-9:15,426.0,0.0,38,0.0,38.0,38.0,0.0,464.0,31.35
111,09:10:55,S22,21,9:00-9:15,464.0,0.0,32,0.0,32.0,32.0,0.0,496.0,33.51
113,09:49:20,S6,5,9:45-10:00,0.0,0.0,78,0.0,78.0,78.0,0.0,78.0,5.27
113,09:46:45,S7,6,9:45-10:00,78.0,78.0,27,0.0,27.0,27.0,0.0,27.0,1.82
113,09:44:30,S8,7,9:30-9:45,27.0,27.0,29,0.0,29.0,29.0,0.0,29.0,1.96
113,09:42:25,S9,8,9:30-9:45,29.0,29.0,54,0.0,54.0,54.0,0.0,54.0,3.65
113,09:40:40,S10,9,9:30-9:45,54.0,0.0,31,0.0,31.0,31.0,0.0,85.0,5.74
113,09:38:20,S11,10,9:30-9:45,85.0,16.0,125,0.0,125.0,125.0,0.0,194.0,13.11
113,09:36:20,S12,11,9:30-9:45,194.0,5.0,40,0.0,40.0,40.0,0.0,229.0,15.47
113,09:34:25,S13,12,9:30-9:45,229.0,54.0,128,0.0,128.0,128.0,0.0,303.0,20.47
113,09:32:40,S14,13,9:30-9:45,303.0,144.0,89,0.0,89.0,89.0,0.0,248.0,16.76
113,09:30:10,S15,14,9:30-9:45,248.0,73.0,83,0.0,83.0,83.0,0.0,258.0,17.43
113,09:27:55,S16,15,9:15-9:30,258.0,0.0,19,0.0,19.0,19.0,0.0,277.0,18.72
113,09:26:00,S17,16,9:15-9:30,277.0,0.0,25,0.0,25.0,25.0,0.0,302.0,20.41
113,09:23:30,S18,17,9:15-9:30,302.0,0.0,46,0.0,46.0,46.0,0.0,348.0,23.51
113,09:21:00,S19,18,9:15-9:30,348.0,0.0,59,0.0,59.0,59.0,0.0,407.0,27.5
113,09:15:55,S21,20,9:15-9:30,407.0,3.0,54,0.0,54.0,54.0,0.0,458.0,30.95
113,09:14:05,S22,21,9:00-9:15,458.0,0.0,31,0.0,31.0,31.0,0.0,489.0,33.04
115,09:58:45,S5,4,9:45-10:00,0.0,0.0,38,0.0,38.0,38.0,0.0,38.0,2.57
115,09:52:30,S6,5,9:45-10:00,38.0,38.0,63,0.0,63.0,63.0,0.0,63.0,4.26
115,09:49:55,S7,6,9:45-10:00,63.0,33.0,10,0.0,10.0,10.0,0.0,40.0,2.7
115,09:47:40,S8,7,9:45-10:00,40.0,40.0,13,0.0,13.0,13.0,0.0,13.0,0.88
115,09:45:35,S9,8,9:45-10:00,13.0,13.0,53,0.0,53.0,53.0,0.0,53.0,3.58
115,09:43:50,S10,9,9:30-9:45,53.0,0.0,29,0.0,29.0,29.0,0.0,82.0,5.54
115,09:41:30,S11,10,9:30-9:45,82.0,0.0,105,0.0,105.0,105.0,0.0,187.0,12.64
115,09:39:30,S12,11,9:30-9:45,187.0,0.0,37,0.0,37.0,37.0,0.0,224.0,15.14
115,09:37:35,S13,12,9:30-9:45,224.0,0.0,172,0.0,172.0,172.0,0.0,396.0,26.76
115,09:35:50,S14,13,9:30-9:45,396.0,0.0,81,0.0,81.0,81.0,0.0,477.0,32.23
115,09:33:20,S15,14,9:30-9:45,477.0,0.0,105,0.0,105.0,105.0,0.0,582.0,39.32
115,09:31:05,S16,15,9:30-9:45,582.0,24.0,16,0.0,16.0,16.0,0.0,574.0,38.78
115,09:29:10,S17,16,9:15-9:30,574.0,0.0,24,0.0,24.0,24.0,0.0,598.0,40.41
115,09:26:40,S18,17,9:15-9:30,598.0,0.0,52,0.0,52.0,52.0,0.0,650.0,43.92
115,09:24:10,S19,18,9:15-9:30,650.0,0.0,56,0.0,56.0,56.0,0.0,706.0,47.7
115,09:19:05,S21,20,9:15-9:30,706.0,0.0,48,0.0,48.0,48.0,0.0,754.0,50.95
115,09:17:15,S22,21,9:15-9:30,754.0,0.0,19,0.0,19.0,19.0,0.0,773.0,52.23
117,09:42:20,S14,13,9:30-9:45,0.0,0.0,189,0.0,189.0,189.0,0.0,189.0,12.77
117,09:39:50,S15,14,9:30-9:45,189.0,0.0,183,0.0,183.0,183.0,0.0,372.0,25.14
117,09:37:35,S16,15,9:30-9:45,372.0,0.0,24,0.0,24.0,24.0,0.0,396.0,26.76
117,09:35:40,S17,16,9:30-9:45,396.0,2.0,60,0.0,60.0,60.0,0.0,454.0,30.68
117,09:33:10,S18,17,9:30-9:45,454.0,28.0,100,0.0,100.0,100.0,0.0,526.0,35.54
117,09:30:40,S19,18,9:30-9:45,526.0,17.0,102,0.0,102.0,102.0,0.0,611.0,41.28
117,09:25:35,S21,20,9:15-9:30,611.0,0.0,75,0.0,75.0,75.0,0.0,686.0,46.35
117,09:23:45,S22,21,9:15-9:30,686.0,0.0,67,0.0,67.0,67.0,0.0,753.0,50.88
119,09:59:35,S7,6,9:45-10:00,0.0,0.0,70,0.0,70.0,70.0,0.0,70.0,4.73
119,09:57:20,S8,7,9:45-10:00,70.0,70.0,54,0.0,54.0,54.0,0.0,54.0,3.65
119,09:55:15,S9,8,9:45-10:00,54.0,47.0,170,0.0,170.0,170.0,0.0,177.0,11.96
119,09:53:30,S10,9,9:45-10:00,177.0,33.0,77,0.0,77.0,77.0,0.0,221.0,14.93
119,09:51:10,S11,10,9:45-10:00,221.0,81.0,272,0.0,272.0,272.0,0.0,412.0,27.84
119,09:49:10,S12,11,9:45-10:00,412.0,109.0,84,0.0,84.0,84.0,0.0,387.0,26.15
119,09:47:15,S13,12,9:45-10:00,387.0,34.0,507,0.0,507.0,507.0,0.0,860.0,58.11
119,09:45:30,S14,13,9:45-10:00,860.0,62.0,92,0.0,92.0,92.0,0.0,890.0,60.14
119,09:43:00,S15,14,9:30-9:45,890.0,0.0,81,0.0,81.0,81.0,0.0,971.0,65.61
119,09:40:45,S16,15,9:30-9:45,971.0,0.0,13,0.0,13.0,13.0,0.0,984.0,66.49
119,09:38:50,S17,16,9:30-9:45,984.0,0.0,39,0.0,39.0,39.0,0.0,1023.0,69.12
119,09:36:20,S18,17,9:30-9:45,1023.0,0.0,41,0.0,41.0,41.0,0.0,1064.0,71.89
119,09:33:50,S19,18,9:30-9:45,1064.0,0.0,43,0.0,43.0,43.0,0.0,1107.0,74.8
119,09:28:45,S21,20,9:15-9:30,1107.0,0.0,50,0.0,50.0,50.0,0.0,1157.0,78.18
119,09:26:55,S22,21,9:15-9:30,1157.0,0.0,31,0.0,31.0,31.0,0.0,1188.0,80.27
121,09:58:35,S9,8,9:45-10:00,0.0,0.0,65,0.0,65.0,65.0,0.0,65.0,4.39
121,09:56:50,S10,9,9:45-10:00,65.0,0.0,29,0.0,29.0,29.0,0.0,94.0,6.35
121,09:54:30,S11,10,9:45-10:00,94.0,0.0,140,0.0,140.0,140.0,0.0,234.0,15.81
121,09:52:30,S12,11,9:45-10:00,234.0,0.0,13,0.0,13.0,13.0,0.0,247.0,16.69
121,09:50:35,S13,12,9:45-10:00,247.0,0.0,160,0.0,160.0,160.0,0.0,407.0,27.5
121,09:48:50,S14,13,9:45-10:00,407.0,0.0,80,0.0,80.0,80.0,0.0,487.0,32.91
121,09:46:20,S15,14,9:45-10:00,487.0,31.0,91,0.0,91.0,91.0,0.0,547.0,36.96
121,09:44:05,S16,15,9:30-9:45,547.0,0.0,26,0.0,26.0,26.0,0.0,573.0,38.72
121,09:42:10,S17,16,9:30-9:45,573.0,0.0,26,0.0,26.0,26.0,0.0,599.0,40.47
121,09:39:40,S18,17,9:30-9:45,599.0,0.0,46,0.0,46.0,46.0,0.0,645.0,43.58
121,09:37:10,S19,18,9:30-9:45,645.0,0.0,48,0.0,48.0,48.0,0.0,693.0,46.82
121,09:32:05,S21,20,9:30-9:45,693.0,2.0,49,0.0,49.0,49.0,0.0,740.0,50.0
121,09:30:15,S22,21,9:30-9:45,740.0,0.0,36,0.0,36.0,36.0,0.0,776.0,52.43
123,09:58:10,S11,10,9:45-10:00,0.0,0.0,156,0.0,156.0,156.0,0.0,156.0,10.54
123,09:56:10,S12,11,9:45-10:00,156.0,0.0,30,0.0,30.0,30.0,0.0,186.0,12.57
123,09:54:15,S13,12,9:45-10:00,186.0,0.0,197,0.0,197.0,197.0,0.0,383.0,25.88
123,09:52:30,S14,13,9:45-10:00,383.0,0.0,107,0.0,107.0,107.0,0.0,490.0,33.11
123,09:50:00,S15,14,9:45-10:00,490.0,0.0,106,0.0,106.0,106.0,0.0,596.0,40.27
123,09:47:45,S16,15,9:45-10:00,596.0,10.0,18,0.0,18.0,18.0,0.0,604.0,40.81
123,09:45:50,S17,16,9:45-10:00,604.0,1.0,30,0.0,30.0,30.0,0.0,633.0,42.77
123,09:43:20,S18,17,9:30-9:45,633.0,0.0,54,0.0,54.0,54.0,0.0,687.0,46.42
123,09:40:50,S19,18,9:30-9:45,687.0,0.0,50,0.0,50.0,50.0,0.0,737.0,49.8
123,09:35:45,S21,20,9:30-9:45,737.0,0.0,31,0.0,31.0,31.0,0.0,768.0,51.89
123,09:33:55,S22,21,9:30-9:45,768.0,0.0,32,0.0,32.0,32.0,0.0,800.0,54.05
125,09:59:25,S12,11,9:45-10:00,0.0,0.0,26,0.0,26.0,26.0,0.0,26.0,1.76
125,09:57:30,S13,12,9:45-10:00,26.0,0.0,175,0.0,175.0,175.0,0.0,201.0,13.58
125,09:55:45,S14,13,9:45-10:00,201.0,0.0,105,0.0,105.0,105.0,0.0,306.0,20.68
125,09:53:15,S15,14,9:45-10:00,306.0,0.0,95,0.0,95.0,95.0,0.0,401.0,27.09
125,09:51:00,S16,15,9:45-10:00,401.0,0.0,8,0.0,8.0,8.0,0.0,409.0,27.64
125,09:49:05,S17,16,9:45-10:00,409.0,0.0,21,0.0,21.0,21.0,0.0,430.0,29.05
125,09:46:35,S18,17,9:45-10:00,430.0,12.0,50,0.0,50.0,50.0,0.0,468.0,31.62
125,09:44:05,S19,18,9:30-9:45,468.0,0.0,61,0.0,61.0,61.0,0.0,529.0,35.74
125,09:39:00,S21,20,9:30-9:45,529.0,0.0,35,0.0,35.0,35.0,0.0,564.0,38.11
125,09:37:10,S22,21,9:30-9:45,564.0,0.0,29,0.0,29.0,29.0,0.0,593.0,40.07
127,09:59:05,S14,13,9:45-10:00,0.0,0.0,84,0.0,84.0,84.0,0.0,84.0,5.68
127,09:56:35,S15,14,9:45-10:00,84.0,0.0,88,0.0,88.0,88.0,0.0,172.0,11.62
127,09:54:20,S16,15,9:45-10:00,172.0,0.0,19,0.0,19.0,19.0,0.0,191.0,12.91
127,09:52:25,S17,16,9:45-10:00,191.0,0.0,26,0.0,26.0,26.0,0.0,217.0,14.66
127,09:49:55,S18,17,9:45-10:00,217.0,0.0,48,0.0,48.0,48.0,0.0,265.0,17.91
127,09:47:25,S19,18,9:45-10:00,265.0,7.0,59,0.0,59.0,59.0,0.0,317.0,21.42
127,09:42:20,S21,20,9:30-9:45,317.0,0.0,53,0.0,53.0,53.0,0.0,370.0,25.0
127,09:40:30,S22,21,9:30-9:45,370.0,0.0,34,0.0,34.0,34.0,0.0,404.0,27.3
129,09:59:45,S15,14,9:45-10:00,0.0,0.0,87,0.0,87.0,87.0,0.0,87.0,5.88
129,09:57:30,S16,15,9:45-10:00,87.0,0.0,17,0.0,17.0,17.0,0.0,104.0,7.03
129,09:55:35,S17,16,9:45-10:00,104.0,0.0,26,0.0,26.0,26.0,0.0,130.0,8.78
129,09:53:05,S18,17,9:45-10:00,130.0,0.0,38,0.0,38.0,38.0,0.0,168.0,11.35
129,09:50:35,S19,18,9:45-10:00,168.0,0.0,39,0.0,39.0,39.0,0.0,207.0,13.99
129,09:45:30,S21,20,9:45-10:00,207.0,1.0,53,0.0,53.0,53.0,0.0,259.0,17.5
129,09:43:40,S22,21,9:30-9:45,259.0,0.0,35,0.0,35.0,35.0,0.0,294.0,19.86
131,09:58:45,S17,16,9:45-10:00,0.0,0.0,24,0.0,24.0,24.0,0.0,24.0,1.62
131,09:56:15,S18,17,9:45-10:00,24.0,0.0,51,0.0,51.0,51.0,0.0,75.0,5.07
131,09:53:45,S19,18,9:45-10:00,75.0,0.0,31,0.0,31.0,31.0,0.0,106.0,7.16
131,09:48:40,S21,20,9:45-10:00,106.0,0.0,47,0.0,47.0,47.0,0.0,153.0,10.34
131,09:46:50,S22,21,9:45-10:00,153.0,0.0,36,0.0,36.0,36.0,0.0,189.0,12.77
133,09:59:20,S18,17,9:45-10:00,0.0,0.0,60,0.0,60.0,60.0,0.0,60.0,4.05
133,09:56:50,S19,18,9:45-10:00,60.0,0.0,56,0.0,56.0,56.0,0.0,116.0,7.84
133,09:51:45,S21,20,9:45-10:00,116.0,0.0,55,0.0,55.0,55.0,0.0,171.0,11.55
133,09:49:55,S22,21,9:45-10:00,171.0,0.0,34,0.0,34.0,34.0,0.0,205.0,13.85
135,09:59:55,S19,18,9:45-10:00,0.0,0.0,59,0.0,59.0,59.0,0.0,59.0,3.99
135,09:54:50,S21,20,9:45-10:00,59.0,0.0,33,0.0,33.0,33.0,0.0,92.0,6.22
135,09:53:00,S22,21,9:45-10:00,92.0,0.0,29,0.0,29.0,29.0,0.0,121.0,8.18
137,09:57:50,S21,20,9:45-10:00,0.0,0.0,47,0.0,47.0,47.0,0.0,47.0,3.18
137,09:56:00,S22,21,9:45-10:00,47.0,0.0,32,0.0,32.0,32.0,0.0,79.0,5.34
139,09:58:50,S22,21,9:45-10:00,0.0,0.0,32,0.0,32.0,32.0,0.0,32.0,2.16
